team,player,bat_or_bowl,bb_bf,runs,wkts,wicketball_prob,runs_per_ball,opposition,ground,start_date,overs,mdns,econ,inns,4s,6s,sr,not_out,mins
PAK,Shaheen Shah Afridi (PAK),bowl,60,45,3.0,0.05,0.75,v South Africa,Chennai,2023-10-27,10.0,0.0,4.5,2,,,,,
ENG,DJ Willey (ENG),bowl,60,45,3.0,0.05,0.75,v India,Lucknow,2023-10-29,10.0,2.0,4.5,1,,,,,
NZ,MJ Henry (NZ),bowl,60,48,3.0,0.05,0.8,v England,Ahmedabad,2023-10-05,10.0,1.0,4.8,1,,,,,
NZ,LH Ferguson (NZ),bowl,60,49,3.0,0.05,0.816666667,v Bangladesh,Chennai,2023-10-13,10.0,0.0,4.9,1,,,,,
AFG,Noor Ahmad (AFG),bowl,60,49,3.0,0.05,0.816666667,v Pakistan,Chennai,2023-10-23,10.0,0.0,4.9,1,,,,,
AFG,Mujeeb Ur Rahman (AFG),bowl,60,51,3.0,0.05,0.85,v England,Delhi,2023-10-15,10.0,1.0,5.1,2,,,,,
ENG,AU Rashid (ENG),bowl,48,54,3.0,0.0625,1.125,v Netherlands,Pune,2023-11-08,8.0,0.0,6.75,2,,,,,
NED,LV van Beek (NED),bowl,53,60,3.0,0.056603774,1.132075472,v South Africa,Dharamsala,2023-10-17,8.5,0.0,6.79,2,,,,,
BAN,Mehidy Hasan Miraz (BAN),bowl,54,60,3.0,0.055555556,1.111111111,v Pakistan,Eden Gardens,2023-10-31,9.0,0.0,6.66,2,,,,,
PAK,Mohammad Wasim (1) (PAK),bowl,60,60,3.0,0.05,1.0,v New Zealand,Bengaluru,2023-11-04,10.0,0.0,6.0,1,,,,,
SA,G Coetzee (SA),bowl,60,62,3.0,0.05,1.033333333,v Bangladesh,Wankhede,2023-10-24,10.0,0.0,6.2,2,,,,,
SA,G Coetzee (SA),bowl,54,68,3.0,0.055555556,1.259259259,v Sri Lanka,Delhi,2023-10-07,9.0,0.0,7.55,2,,,,,
SL,D Madushanka (SL),bowl,60,69,3.0,0.05,1.15,v Bangladesh,Delhi,2023-11-06,10.0,1.0,6.9,2,,,,,
AUS,A Zampa (AUS),bowl,60,74,3.0,0.05,1.233333333,v New Zealand,Dharamsala,2023-10-28,10.0,0.0,7.4,2,,,,,
NED,BFW de Leede (NED),bowl,60,74,3.0,0.05,1.233333333,v England,Pune,2023-11-08,10.0,0.0,7.4,1,,,,,
BAN,Shoriful Islam (BAN),bowl,60,75,3.0,0.05,1.25,v England,Dharamsala,2023-10-10,10.0,0.0,7.5,1,,,,,
NZ,TA Boult (NZ),bowl,60,77,3.0,0.05,1.283333333,v Australia,Dharamsala,2023-10-28,10.0,0.0,7.7,1,,,,,
BAN,Tanzim Hasan Sakib (BAN),bowl,60,80,3.0,0.05,1.333333333,v Sri Lanka,Delhi,2023-11-06,10.0,0.0,8.0,1,,,,,
PAK,Haris Rauf (PAK),bowl,48,83,3.0,0.0625,1.729166667,v Australia,Bengaluru,2023-10-20,8.0,0.0,10.37,1,,,,,
ENG,RJW Topley (ENG),bowl,53,88,3.0,0.056603774,1.660377358,v South Africa,Wankhede,2023-10-21,8.5,0.0,9.96,1,,,,,
IND,Kuldeep Yadav (IND),bowl,31,7,2.0,0.064516129,0.225806452,v South Africa,Eden Gardens,2023-11-05,5.1,1.0,1.35,2,,,,,
SL,AD Mathews (SL),bowl,30,14,2.0,0.066666667,0.466666667,v England,Bengaluru,2023-10-26,5.0,1.0,2.8,1,,,,,
AFG,Mohammad Nabi (AFG),bowl,36,16,2.0,0.055555556,0.444444444,v England,Delhi,2023-10-15,6.0,0.0,2.66,2,,,,,
NZ,GD Phillips (NZ),bowl,18,17,2.0,0.111111111,0.944444444,v England,Ahmedabad,2023-10-05,3.0,0.0,5.66,1,,,,,
NZ,TA Boult (NZ),bowl,42,18,2.0,0.047619048,0.428571429,v Afghanistan,Chennai,2023-10-18,7.0,1.0,2.57,2,,,,,
IND,Mohammed Shami (IND),bowl,24,18,2.0,0.083333333,0.75,v South Africa,Eden Gardens,2023-11-05,4.0,0.0,4.5,2,,,,,
IND,JJ Bumrah (IND),bowl,42,19,2.0,0.047619048,0.452380952,v Pakistan,Ahmedabad,2023-10-14,7.0,1.0,2.71,1,,,,,
AUS,MR Marsh (AUS),bowl,24,19,2.0,0.083333333,0.791666667,v Netherlands,Delhi,2023-10-25,4.0,0.0,4.75,2,,,,,
ENG,DJ Willey (ENG),bowl,42,19,2.0,0.047619048,0.452380952,v Netherlands,Pune,2023-11-08,7.0,2.0,2.71,2,,,,,
NZ,R Ravindra (NZ),bowl,46,21,2.0,0.043478261,0.456521739,v Sri Lanka,Bengaluru,2023-11-09,7.4,0.0,2.73,1,,,,,
NZ,MJ Santner (NZ),bowl,60,22,2.0,0.033333333,0.366666667,v Sri Lanka,Bengaluru,2023-11-09,10.0,2.0,2.2,1,,,,,
IND,Kuldeep Yadav (IND),bowl,48,24,2.0,0.041666667,0.5,v England,Lucknow,2023-10-29,8.0,0.0,3.0,2,,,,,
NED,BFW de Leede (NED),bowl,42,25,2.0,0.047619048,0.595238095,v Bangladesh,Eden Gardens,2023-10-28,7.0,0.0,3.57,2,,,,,
SA,KA Maharaj (SA),bowl,60,25,2.0,0.033333333,0.416666667,v Afghanistan,Ahmedabad,2023-11-10,10.0,1.0,2.5,1,,,,,
SA,L Ngidi (SA),bowl,30,26,2.0,0.066666667,0.866666667,v England,Wankhede,2023-10-21,5.0,1.0,5.2,2,,,,,
SA,M Jansen (SA),bowl,48,27,2.0,0.041666667,0.5625,v Netherlands,Dharamsala,2023-10-17,8.0,1.0,3.37,1,,,,,
SL,AD Mathews (SL),bowl,24,29,2.0,0.083333333,1.208333333,v New Zealand,Bengaluru,2023-11-09,4.0,0.0,7.25,2,,,,,
SA,KA Maharaj (SA),bowl,60,30,2.0,0.033333333,0.5,v Australia,Lucknow,2023-10-12,10.0,0.0,3.0,2,,,,,
ENG,DJ Willey (ENG),bowl,30,30,2.0,0.066666667,1.0,v Sri Lanka,Bengaluru,2023-10-26,5.0,0.0,6.0,2,,,,,
AFG,Noor Ahmad (AFG),bowl,54,31,2.0,0.037037037,0.574074074,v Netherlands,Lucknow,2023-11-03,9.0,0.0,3.44,1,,,,,
AUS,PJ Cummins (AUS),bowl,42,32,2.0,0.047619048,0.761904762,v Sri Lanka,Lucknow,2023-10-16,7.0,0.0,4.57,1,,,,,
PAK,Hasan Ali (PAK),bowl,42,33,2.0,0.047619048,0.785714286,v Netherlands,Hyderabad,2023-10-06,7.0,1.0,4.71,2,,,,,
ENG,CR Woakes (ENG),bowl,54,33,2.0,0.037037037,0.611111111,v India,Lucknow,2023-10-29,9.0,1.0,3.66,1,,,,,
BAN,Shoriful Islam (BAN),bowl,38,34,2.0,0.052631579,0.894736842,v Afghanistan,Dharamsala,2023-10-07,6.2,1.0,5.36,1,,,,,
AUS,GJ Maxwell (AUS),bowl,60,34,2.0,0.033333333,0.566666667,v South Africa,Lucknow,2023-10-12,10.0,1.0,3.4,1,,,,,
IND,HH Pandya (IND),bowl,36,34,2.0,0.055555556,0.944444444,v Pakistan,Ahmedabad,2023-10-14,6.0,0.0,5.66,1,,,,,
NED,RE van der Merwe (NED),bowl,54,34,2.0,0.037037037,0.62962963,v South Africa,Dharamsala,2023-10-17,9.0,0.0,3.77,2,,,,,
IND,JJ Bumrah (IND),bowl,60,35,2.0,0.033333333,0.583333333,v Australia,Chennai,2023-10-08,10.0,0.0,3.5,1,,,,,
IND,Kuldeep Yadav (IND),bowl,60,35,2.0,0.033333333,0.583333333,v Pakistan,Ahmedabad,2023-10-14,10.0,0.0,3.5,1,,,,,
SA,M Jansen (SA),bowl,30,35,2.0,0.066666667,1.166666667,v England,Wankhede,2023-10-21,5.0,0.0,7.0,2,,,,,
IND,Mohammed Shami (IND),bowl,30,18,5.0,0.166666667,0.6,v Sri Lanka,Wankhede,2023-11-02,5.0,1.0,3.6,2,,,,,
IND,RA Jadeja (IND),bowl,54,33,5.0,0.092592593,0.611111111,v South Africa,Eden Gardens,2023-11-05,9.0,1.0,3.66,2,,,,,
PAK,Shaheen Shah Afridi (PAK),bowl,60,54,5.0,0.083333333,0.9,v Australia,Bengaluru,2023-10-20,10.0,1.0,5.4,1,,,,,
IND,Mohammed Shami (IND),bowl,60,54,5.0,0.083333333,0.9,v New Zealand,Dharamsala,2023-10-22,10.0,0.0,5.4,1,,,,,
NZ,MJ Santner (NZ),bowl,60,59,5.0,0.083333333,0.983333333,v Netherlands,Hyderabad,2023-10-09,10.0,0.0,5.9,2,,,,,
SL,D Madushanka (SL),bowl,60,80,5.0,0.083333333,1.333333333,v India,Wankhede,2023-11-02,10.0,0.0,8.0,1,,,,,
AUS,A Zampa (AUS),bowl,18,8,4.0,0.222222222,0.444444444,v Netherlands,Delhi,2023-10-25,3.0,0.0,2.66,2,,,,,
IND,Mohammed Shami (IND),bowl,42,22,4.0,0.095238095,0.523809524,v England,Lucknow,2023-10-29,7.0,2.0,3.14,2,,,,,
NED,PA van Meekeren (NED),bowl,44,23,4.0,0.090909091,0.522727273,v Bangladesh,Eden Gardens,2023-10-28,7.2,0.0,3.13,2,,,,,
AFG,Fazalhaq Farooqi (AFG),bowl,60,34,4.0,0.066666667,0.566666667,v Sri Lanka,Pune,2023-10-30,10.0,1.0,3.4,1,,,,,
IND,JJ Bumrah (IND),bowl,60,39,4.0,0.066666667,0.65,v Afghanistan,Delhi,2023-10-11,10.0,0.0,3.9,1,,,,,
ENG,RJW Topley (ENG),bowl,60,43,4.0,0.066666667,0.716666667,v Bangladesh,Dharamsala,2023-10-10,10.0,1.0,4.3,2,,,,,
SA,G Coetzee (SA),bowl,60,44,4.0,0.066666667,0.733333333,v Afghanistan,Ahmedabad,2023-11-10,10.0,1.0,4.4,1,,,,,
SA,KA Maharaj (SA),bowl,54,46,4.0,0.074074074,0.851851852,v New Zealand,Pune,2023-11-01,9.0,0.0,5.11,2,,,,,
AUS,A Zampa (AUS),bowl,48,47,4.0,0.083333333,0.979166667,v Sri Lanka,Lucknow,2023-10-16,8.0,1.0,5.87,1,,,,,
SL,D Madushanka (SL),bowl,58,49,4.0,0.068965517,0.844827586,v Netherlands,Lucknow,2023-10-21,9.4,1.0,5.06,1,,,,,
SL,CAK Rajitha (SL),bowl,54,50,4.0,0.074074074,0.925925926,v Netherlands,Lucknow,2023-10-21,9.0,0.0,5.55,1,,,,,
AUS,A Zampa (AUS),bowl,60,53,4.0,0.066666667,0.883333333,v Pakistan,Bengaluru,2023-10-20,10.0,0.0,5.3,2,,,,,
ENG,CR Woakes (ENG),bowl,57,54,4.0,0.070175439,0.947368421,v Australia,Ahmedabad,2023-11-04,9.3,0.0,5.68,1,,,,,
SA,T Shamsi (SA),bowl,60,60,4.0,0.066666667,1.0,v Pakistan,Chennai,2023-10-27,10.0,0.0,6.0,1,,,,,
NED,BFW de Leede (NED),bowl,54,62,4.0,0.074074074,1.148148148,v Pakistan,Hyderabad,2023-10-06,9.0,0.0,6.88,1,,,,,
BAN,Mahedi Hasan (BAN),bowl,48,71,4.0,0.083333333,1.479166667,v England,Dharamsala,2023-10-10,8.0,0.0,8.87,1,,,,,
PAK,Hasan Ali (PAK),bowl,60,71,4.0,0.066666667,1.183333333,v Sri Lanka,Hyderabad,2023-10-10,10.0,0.0,7.1,1,,,,,
NED,LV van Beek (NED),bowl,60,74,4.0,0.066666667,1.233333333,v Australia,Delhi,2023-10-25,10.0,0.0,7.4,1,,,,,
IND,Mohammed Siraj (IND),bowl,42,16,3.0,0.071428571,0.380952381,v Sri Lanka,Wankhede,2023-11-02,7.0,2.0,2.28,2,,,,,
NZ,LH Ferguson (NZ),bowl,42,19,3.0,0.071428571,0.452380952,v Afghanistan,Chennai,2023-10-18,7.0,1.0,2.71,2,,,,,
AUS,A Zampa (AUS),bowl,60,21,3.0,0.05,0.35,v England,Ahmedabad,2023-11-04,10.0,0.0,2.1,2,,,,,
PAK,Shaheen Shah Afridi (PAK),bowl,54,23,3.0,0.055555556,0.425925926,v Bangladesh,Eden Gardens,2023-10-31,9.0,1.0,2.55,1,,,,,
BAN,Mehidy Hasan Miraz (BAN),bowl,54,25,3.0,0.055555556,0.462962963,v Afghanistan,Dharamsala,2023-10-07,9.0,3.0,2.77,1,,,,,
IND,RA Jadeja (IND),bowl,60,28,3.0,0.05,0.466666667,v Australia,Chennai,2023-10-08,10.0,2.0,2.8,1,,,,,
AFG,Mohammad Nabi (AFG),bowl,57,28,3.0,0.052631579,0.49122807,v Netherlands,Lucknow,2023-11-03,9.3,1.0,2.94,1,,,,,
BAN,Shakib Al Hasan (BAN),bowl,48,30,3.0,0.0625,0.625,v Afghanistan,Dharamsala,2023-10-07,8.0,0.0,3.75,1,,,,,
PAK,Mohammad Wasim (1) (PAK),bowl,49,31,3.0,0.06122449,0.632653061,v Bangladesh,Eden Gardens,2023-10-31,8.1,1.0,3.79,1,,,,,
SA,M Jansen (SA),bowl,48,31,3.0,0.0625,0.645833333,v New Zealand,Pune,2023-11-01,8.0,1.0,3.87,2,,,,,
IND,JJ Bumrah (IND),bowl,41,32,3.0,0.073170732,0.780487805,v England,Lucknow,2023-10-29,6.5,1.0,4.68,2,,,,,
SA,K Rabada (SA),bowl,48,33,3.0,0.0625,0.6875,v Australia,Lucknow,2023-10-12,8.0,1.0,4.12,2,,,,,
SA,G Coetzee (SA),bowl,24,35,3.0,0.125,1.458333333,v England,Wankhede,2023-10-21,4.0,0.0,8.75,2,,,,,
SL,CBRLS Kumara (SL),bowl,42,35,3.0,0.071428571,0.833333333,v England,Bengaluru,2023-10-26,7.0,0.0,5.0,1,,,,,
AFG,Rashid Khan (AFG),bowl,57,37,3.0,0.052631579,0.649122807,v England,Delhi,2023-10-15,9.3,1.0,3.89,2,,,,,
NZ,GD Phillips (NZ),bowl,60,37,3.0,0.05,0.616666667,v Australia,Dharamsala,2023-10-28,10.0,0.0,3.7,1,,,,,
NZ,TA Boult (NZ),bowl,60,37,3.0,0.05,0.616666667,v Sri Lanka,Bengaluru,2023-11-09,10.0,3.0,3.7,1,,,,,
AUS,JR Hazlewood (AUS),bowl,54,38,3.0,0.055555556,0.703703704,v India,Chennai,2023-10-08,9.0,1.0,4.22,2,,,,,
SL,D Madushanka (SL),bowl,54,38,3.0,0.055555556,0.703703704,v Australia,Lucknow,2023-10-16,9.0,2.0,4.22,2,,,,,
NZ,MJ Santner (NZ),bowl,46,39,3.0,0.065217391,0.847826087,v Afghanistan,Chennai,2023-10-18,7.4,0.0,5.08,2,,,,,
NZ,MJ Henry (NZ),bowl,51,40,3.0,0.058823529,0.784313725,v Netherlands,Hyderabad,2023-10-09,8.3,0.0,4.7,2,,,,,
ENG,AU Rashid (ENG),bowl,60,42,3.0,0.05,0.7,v Afghanistan,Delhi,2023-10-15,10.0,1.0,4.2,1,,,,,
ENG,MM Ali (ENG),bowl,50,42,3.0,0.06,0.84,v Netherlands,Pune,2023-11-08,8.2,0.0,5.04,2,,,,,
PAK,Haris Rauf (PAK),bowl,54,43,3.0,0.055555556,0.796296296,v Netherlands,Hyderabad,2023-10-06,9.0,0.0,4.77,2,,,,,
SA,M Jansen (SA),bowl,54,43,3.0,0.055555556,0.796296296,v Pakistan,Chennai,2023-10-27,9.0,1.0,4.77,1,,,,,
NED,A Dutt (NED),bowl,60,44,3.0,0.05,0.733333333,v Sri Lanka,Lucknow,2023-10-21,10.0,0.0,4.4,2,,,,,
ENG,AU Rashid (ENG),bowl,60,35,2.0,0.033333333,0.583333333,v India,Lucknow,2023-10-29,10.0,0.0,3.5,1,,,,,
SL,AD Mathews (SL),bowl,43,35,2.0,0.046511628,0.813953488,v Bangladesh,Delhi,2023-11-06,7.1,1.0,4.88,2,,,,,
NZ,LH Ferguson (NZ),bowl,60,35,2.0,0.033333333,0.583333333,v Sri Lanka,Bengaluru,2023-11-09,10.0,2.0,3.5,1,,,,,
AFG,Mohammad Nabi (AFG),bowl,60,35,2.0,0.033333333,0.583333333,v South Africa,Ahmedabad,2023-11-10,10.0,1.0,3.5,2,,,,,
PAK,Shaheen Shah Afridi (PAK),bowl,36,36,2.0,0.055555556,1.0,v India,Ahmedabad,2023-10-14,6.0,0.0,6.0,2,,,,,
NED,BFW de Leede (NED),bowl,48,36,2.0,0.041666667,0.75,v South Africa,Dharamsala,2023-10-17,8.0,0.0,4.5,2,,,,,
SL,CAK Rajitha (SL),bowl,42,36,2.0,0.047619048,0.857142857,v England,Bengaluru,2023-10-26,7.0,0.0,5.14,1,,,,,
BAN,Mustafizur Rahman (BAN),bowl,60,36,2.0,0.033333333,0.6,v Netherlands,Eden Gardens,2023-10-28,10.0,1.0,3.6,1,,,,,
PAK,Haris Rauf (PAK),bowl,48,36,2.0,0.041666667,0.75,v Bangladesh,Eden Gardens,2023-10-31,8.0,0.0,4.5,1,,,,,
NZ,MJ Santner (NZ),bowl,60,37,2.0,0.033333333,0.616666667,v England,Ahmedabad,2023-10-05,10.0,0.0,3.7,1,,,,,
AFG,Rashid Khan (AFG),bowl,60,37,2.0,0.033333333,0.616666667,v South Africa,Ahmedabad,2023-11-10,10.0,1.0,3.7,2,,,,,
SA,T Shamsi (SA),bowl,47,38,2.0,0.042553191,0.808510638,v Australia,Lucknow,2023-10-12,7.5,0.0,4.85,2,,,,,
IND,RA Jadeja (IND),bowl,59,38,2.0,0.033898305,0.644067797,v Pakistan,Ahmedabad,2023-10-14,9.5,0.0,3.86,1,,,,,
IND,RA Jadeja (IND),bowl,60,38,2.0,0.033333333,0.633333333,v Bangladesh,Pune,2023-10-19,10.0,0.0,3.8,1,,,,,
AFG,Mujeeb Ur Rahman (AFG),bowl,60,38,2.0,0.033333333,0.633333333,v Sri Lanka,Pune,2023-10-30,10.0,0.0,3.8,1,,,,,
ENG,AU Rashid (ENG),bowl,60,38,2.0,0.033333333,0.633333333,v Australia,Ahmedabad,2023-11-04,10.0,0.0,3.8,1,,,,,
NED,CN Ackermann (NED),bowl,48,39,2.0,0.041666667,0.8125,v Pakistan,Hyderabad,2023-10-06,8.0,1.0,4.87,1,,,,,
SA,M Jansen (SA),bowl,48,39,2.0,0.041666667,0.8125,v Bangladesh,Wankhede,2023-10-24,8.0,0.0,4.87,2,,,,,
AUS,JR Hazlewood (AUS),bowl,54,39,2.0,0.037037037,0.722222222,v Afghanistan,Wankhede,2023-11-07,9.0,0.0,4.33,1,,,,,
NED,PA van Meekeren (NED),bowl,54,40,2.0,0.037037037,0.740740741,v South Africa,Dharamsala,2023-10-17,9.0,0.0,4.44,2,,,,,
AUS,MP Stoinis (AUS),bowl,30,40,2.0,0.066666667,1.333333333,v Pakistan,Bengaluru,2023-10-20,5.0,0.0,8.0,2,,,,,
BAN,Mahedi Hasan (BAN),bowl,42,40,2.0,0.047619048,0.952380952,v Netherlands,Eden Gardens,2023-10-28,7.0,0.0,5.71,1,,,,,
IND,JJ Bumrah (IND),bowl,60,41,2.0,0.033333333,0.683333333,v Bangladesh,Pune,2023-10-19,10.0,1.0,4.1,1,,,,,
SA,G Coetzee (SA),bowl,39,41,2.0,0.051282051,1.051282051,v New Zealand,Pune,2023-11-01,6.3,0.0,6.3,2,,,,,
IND,Kuldeep Yadav (IND),bowl,60,42,2.0,0.033333333,0.7,v Australia,Chennai,2023-10-08,10.0,0.0,4.2,1,,,,,
SA,K Rabada (SA),bowl,60,42,2.0,0.033333333,0.7,v Bangladesh,Wankhede,2023-10-24,10.0,1.0,4.2,2,,,,,
SA,G Coetzee (SA),bowl,42,42,2.0,0.047619048,1.0,v Pakistan,Chennai,2023-10-27,7.0,0.0,6.0,1,,,,,
IND,HH Pandya (IND),bowl,42,43,2.0,0.047619048,1.023809524,v Afghanistan,Delhi,2023-10-11,7.0,0.0,6.14,1,,,,,
AUS,MA Starc (AUS),bowl,60,43,2.0,0.033333333,0.716666667,v Sri Lanka,Lucknow,2023-10-16,10.0,0.0,4.3,1,,,,,
BAN,Taskin Ahmed (BAN),bowl,54,43,2.0,0.037037037,0.796296296,v Netherlands,Eden Gardens,2023-10-28,9.0,1.0,4.77,1,,,,,
SL,M Theekshana (SL),bowl,54,44,2.0,0.037037037,0.814814815,v Bangladesh,Delhi,2023-11-06,9.0,0.0,4.88,2,,,,,
AFG,Rashid Khan (AFG),bowl,60,44,2.0,0.033333333,0.733333333,v Australia,Wankhede,2023-11-07,10.0,0.0,4.4,2,,,,,
NZ,TA Boult (NZ),bowl,60,45,2.0,0.033333333,0.75,v Bangladesh,Chennai,2023-10-13,10.0,0.0,4.5,1,,,,,
PAK,Usama Mir (PAK),bowl,48,45,2.0,0.041666667,0.9375,v South Africa,Chennai,2023-10-27,8.0,0.0,5.62,2,,,,,
BAN,Mehidy Hasan Miraz (BAN),bowl,60,47,2.0,0.033333333,0.783333333,v India,Pune,2023-10-19,10.0,0.0,4.7,2,,,,,
AFG,Naveen-ul-Haq (AFG),bowl,54,47,2.0,0.037037037,0.87037037,v Australia,Wankhede,2023-11-07,9.0,0.0,5.22,2,,,,,
AFG,Naveen-ul-Haq (AFG),bowl,48,48,2.0,0.041666667,1.0,v New Zealand,Chennai,2023-10-18,8.0,0.0,6.0,1,,,,,
SL,D Madushanka (SL),bowl,54,48,2.0,0.037037037,0.888888889,v Afghanistan,Pune,2023-10-30,9.0,0.0,5.33,2,,,,,
ENG,CR Woakes (ENG),bowl,48,49,2.0,0.041666667,1.020833333,v Bangladesh,Dharamsala,2023-10-10,8.0,0.0,6.12,2,,,,,
AUS,JR Hazlewood (AUS),bowl,55,49,2.0,0.036363636,0.890909091,v England,Ahmedabad,2023-11-04,9.1,1.0,5.34,2,,,,,
AUS,PJ Cummins (AUS),bowl,60,49,2.0,0.033333333,0.816666667,v England,Ahmedabad,2023-11-04,10.0,1.0,4.9,2,,,,,
SA,K Rabada (SA),bowl,47,50,2.0,0.042553191,1.063829787,v Sri Lanka,Delhi,2023-10-07,7.5,0.0,6.38,2,,,,,
IND,Mohammed Siraj (IND),bowl,48,50,2.0,0.041666667,1.041666667,v Pakistan,Ahmedabad,2023-10-14,8.0,0.0,6.25,1,,,,,
ENG,MA Wood (ENG),bowl,54,50,2.0,0.037037037,0.925925926,v Afghanistan,Delhi,2023-10-15,9.0,0.0,5.55,1,,,,,
PAK,Mohammad Wasim (1) (PAK),bowl,60,50,2.0,0.033333333,0.833333333,v South Africa,Chennai,2023-10-27,10.0,1.0,5.0,2,,,,,
BAN,Shoriful Islam (BAN),bowl,60,51,2.0,0.033333333,0.85,v Netherlands,Eden Gardens,2023-10-28,10.0,0.0,5.1,1,,,,,
BAN,Shoriful Islam (BAN),bowl,57,51,2.0,0.035087719,0.894736842,v Sri Lanka,Delhi,2023-11-06,9.3,0.0,5.36,1,,,,,
AFG,Naveen-ul-Haq (AFG),bowl,42,52,2.0,0.047619048,1.238095238,v Pakistan,Chennai,2023-10-23,7.0,0.0,7.42,1,,,,,
AFG,Azmatullah Omarzai (AFG),bowl,42,52,2.0,0.047619048,1.238095238,v Australia,Wankhede,2023-11-07,7.0,1.0,7.42,2,,,,,
AUS,MA Starc (AUS),bowl,54,53,2.0,0.037037037,0.981481481,v South Africa,Lucknow,2023-10-12,9.0,1.0,5.88,1,,,,,
SA,M Jansen (SA),bowl,42,54,2.0,0.047619048,1.285714286,v Australia,Lucknow,2023-10-12,7.0,0.0,7.71,2,,,,,
NED,RE van der Merwe (NED),bowl,54,56,2.0,0.037037037,1.037037037,v New Zealand,Hyderabad,2023-10-09,9.0,0.0,6.22,1,,,,,
SA,K Rabada (SA),bowl,54,56,2.0,0.037037037,1.037037037,v Netherlands,Dharamsala,2023-10-17,9.0,1.0,6.22,1,,,,,
AFG,Azmatullah Omarzai (AFG),bowl,42,56,2.0,0.047619048,1.333333333,v New Zealand,Chennai,2023-10-18,7.0,0.0,8.0,1,,,,,
SA,LB Williams (SA),bowl,52,56,2.0,0.038461538,1.076923077,v Bangladesh,Wankhede,2023-10-24,8.4,1.0,6.46,2,,,,,
AFG,Rashid Khan (AFG),bowl,48,57,2.0,0.041666667,1.1875,v India,Delhi,2023-10-11,8.0,0.0,7.12,2,,,,,
SA,L Ngidi (SA),bowl,54,57,2.0,0.037037037,1.055555556,v Netherlands,Dharamsala,2023-10-17,9.0,1.0,6.33,1,,,,,
BAN,Shakib Al Hasan (BAN),bowl,60,57,2.0,0.033333333,0.95,v Sri Lanka,Delhi,2023-11-06,10.0,0.0,5.7,1,,,,,
NZ,MJ Henry (NZ),bowl,60,58,2.0,0.033333333,0.966666667,v Bangladesh,Chennai,2023-10-13,10.0,0.0,5.8,1,,,,,
NED,PA van Meekeren (NED),bowl,54,59,2.0,0.037037037,1.092592593,v New Zealand,Hyderabad,2023-10-09,9.0,0.0,6.55,1,,,,,
SL,D Madushanka (SL),bowl,56,60,2.0,0.035714286,1.071428571,v Pakistan,Hyderabad,2023-10-10,9.2,0.0,6.42,2,,,,,
IND,Mohammed Siraj (IND),bowl,60,60,2.0,0.033333333,1.0,v Bangladesh,Pune,2023-10-19,10.0,0.0,6.0,1,,,,,
ENG,AAP Atkinson (ENG),bowl,54,60,2.0,0.037037037,1.111111111,v South Africa,Wankhede,2023-10-21,9.0,0.0,6.66,1,,,,,
ENG,AU Rashid (ENG),bowl,60,61,2.0,0.033333333,1.016666667,v South Africa,Wankhede,2023-10-21,10.0,0.0,6.1,1,,,,,
SA,KA Maharaj (SA),bowl,60,62,2.0,0.033333333,1.033333333,v Sri Lanka,Delhi,2023-10-07,10.0,0.0,6.2,2,,,,,
NED,A Dutt (NED),bowl,60,62,2.0,0.033333333,1.033333333,v New Zealand,Hyderabad,2023-10-09,10.0,2.0,6.2,1,,,,,
AUS,PJ Cummins (AUS),bowl,45,62,2.0,0.044444444,1.377777778,v Pakistan,Bengaluru,2023-10-20,7.3,0.0,8.26,2,,,,,
PAK,Haris Rauf (PAK),bowl,60,62,2.0,0.033333333,1.033333333,v South Africa,Chennai,2023-10-27,10.0,0.0,6.2,2,,,,,
NZ,LH Ferguson (NZ),bowl,48,63,2.0,0.041666667,1.3125,v India,Dharamsala,2023-10-22,8.0,0.0,7.87,2,,,,,
PAK,Haris Rauf (PAK),bowl,60,64,2.0,0.033333333,1.066666667,v Sri Lanka,Hyderabad,2023-10-10,10.0,0.0,6.4,1,,,,,
AUS,PJ Cummins (AUS),bowl,60,66,2.0,0.033333333,1.1,v New Zealand,Dharamsala,2023-10-28,10.0,0.0,6.6,2,,,,,
AUS,MA Starc (AUS),bowl,60,66,2.0,0.033333333,1.1,v England,Ahmedabad,2023-11-04,10.0,0.0,6.6,2,,,,,
BAN,Hasan Mahmud (BAN),bowl,36,67,2.0,0.055555556,1.861111111,v South Africa,Wankhede,2023-10-24,6.0,0.0,11.16,1,,,,,
NED,A Dutt (NED),bowl,60,67,2.0,0.033333333,1.116666667,v England,Pune,2023-11-08,10.0,0.0,6.7,1,,,,,
SA,L Ngidi (SA),bowl,51,69,2.0,0.039215686,1.352941176,v Afghanistan,Ahmedabad,2023-11-10,8.3,0.0,8.11,1,,,,,
AUS,JR Hazlewood (AUS),bowl,54,70,2.0,0.037037037,1.296296296,v New Zealand,Dharamsala,2023-10-28,9.0,0.0,7.77,2,,,,,
ENG,MA Wood (ENG),bowl,60,70,2.0,0.033333333,1.166666667,v Australia,Ahmedabad,2023-11-04,10.0,0.0,7.0,1,,,,,
IND,Kuldeep Yadav (IND),bowl,60,73,2.0,0.033333333,1.216666667,v New Zealand,Dharamsala,2023-10-22,10.0,0.0,7.3,1,,,,,
NZ,TG Southee (NZ),bowl,60,77,2.0,0.033333333,1.283333333,v South Africa,Pune,2023-11-01,10.0,0.0,7.7,1,,,,,
NZ,MJ Santner (NZ),bowl,60,80,2.0,0.033333333,1.333333333,v Australia,Dharamsala,2023-10-28,10.0,0.0,8.0,1,,,,,
SL,D Madushanka (SL),bowl,60,86,2.0,0.033333333,1.433333333,v South Africa,Delhi,2023-10-07,10.0,0.0,8.6,1,,,,,
NED,LV van Beek (NED),bowl,60,88,2.0,0.033333333,1.466666667,v England,Pune,2023-11-08,10.0,0.0,8.8,1,,,,,
SA,M Jansen (SA),bowl,60,92,2.0,0.033333333,1.533333333,v Sri Lanka,Delhi,2023-10-07,10.0,0.0,9.2,2,,,,,
NED,BFW de Leede (NED),bowl,60,115,2.0,0.033333333,1.916666667,v Australia,Delhi,2023-10-25,10.0,0.0,11.5,1,,,,,
IND,RA Jadeja (IND),bowl,4,4,1.0,0.25,1.0,v Sri Lanka,Wankhede,2023-11-02,0.4,0.0,6.0,2,,,,,
IND,JJ Bumrah (IND),bowl,30,8,1.0,0.033333333,0.266666667,v Sri Lanka,Wankhede,2023-11-02,5.0,1.0,1.6,2,,,,,
AFG,Azmatullah Omarzai (AFG),bowl,12,9,1.0,0.083333333,0.75,v Bangladesh,Dharamsala,2023-10-07,2.0,0.0,4.5,2,,,,,
IND,Mohammed Siraj (IND),bowl,24,11,1.0,0.041666667,0.458333333,v South Africa,Eden Gardens,2023-11-05,4.0,1.0,2.75,2,,,,,
ENG,LS Livingstone (ENG),bowl,18,13,1.0,0.055555556,0.722222222,v Bangladesh,Dharamsala,2023-10-10,3.0,0.0,4.33,2,,,,,
NZ,GD Phillips (NZ),bowl,12,13,1.0,0.083333333,1.083333333,v Bangladesh,Chennai,2023-10-13,2.0,0.0,6.5,1,,,,,
AUS,PJ Cummins (AUS),bowl,24,14,1.0,0.041666667,0.583333333,v Netherlands,Delhi,2023-10-25,4.0,0.0,3.5,2,,,,,
PAK,Iftikhar Ahmed (PAK),bowl,18,16,1.0,0.055555556,0.888888889,v Netherlands,Hyderabad,2023-10-06,3.0,0.0,5.33,2,,,,,
NED,CN Ackermann (NED),bowl,18,16,1.0,0.055555556,0.888888889,v South Africa,Dharamsala,2023-10-17,3.0,0.0,5.33,2,,,,,
NZ,MJ Henry (NZ),bowl,30,16,1.0,0.033333333,0.533333333,v Afghanistan,Chennai,2023-10-18,5.0,2.0,3.2,2,,,,,
IND,RA Jadeja (IND),bowl,42,16,1.0,0.023809524,0.380952381,v England,Lucknow,2023-10-29,7.0,1.0,2.28,2,,,,,
SA,K Rabada (SA),bowl,36,16,1.0,0.027777778,0.444444444,v New Zealand,Pune,2023-11-01,6.0,2.0,2.66,2,,,,,
SA,L Ngidi (SA),bowl,48,18,1.0,0.020833333,0.375,v Australia,Lucknow,2023-10-12,8.0,2.0,2.25,2,,,,,
AFG,Fazalhaq Farooqi (AFG),bowl,30,19,1.0,0.033333333,0.633333333,v Bangladesh,Dharamsala,2023-10-07,5.0,0.0,3.8,2,,,,,
ENG,JE Root (ENG),bowl,24,19,1.0,0.041666667,0.791666667,v Afghanistan,Delhi,2023-10-15,4.0,0.0,4.75,1,,,,,
ENG,CR Woakes (ENG),bowl,42,19,1.0,0.023809524,0.452380952,v Netherlands,Pune,2023-11-08,7.0,0.0,2.71,2,,,,,
SL,PVD Chameera (SL),bowl,24,20,1.0,0.041666667,0.833333333,v New Zealand,Bengaluru,2023-11-09,4.0,1.0,5.0,2,,,,,
SL,M Theekshana (SL),bowl,50,21,1.0,0.02,0.42,v England,Bengaluru,2023-10-26,8.2,1.0,2.52,1,,,,,
AUS,MA Starc (AUS),bowl,24,22,1.0,0.041666667,0.916666667,v Netherlands,Delhi,2023-10-25,4.0,0.0,5.5,2,,,,,
NED,CN Ackermann (NED),bowl,42,25,1.0,0.023809524,0.595238095,v Bangladesh,Eden Gardens,2023-10-28,7.0,1.0,3.57,2,,,,,
NED,Saqib Zulfiqar (NED),bowl,18,25,1.0,0.055555556,1.388888889,v Afghanistan,Lucknow,2023-11-03,3.0,0.0,8.33,2,,,,,
IND,Mohammed Siraj (IND),bowl,39,26,1.0,0.025641026,0.666666667,v Australia,Chennai,2023-10-08,6.3,1.0,4.0,1,,,,,
NED,A Dutt (NED),bowl,60,26,1.0,0.016666667,0.433333333,v Bangladesh,Eden Gardens,2023-10-28,10.0,3.0,2.6,2,,,,,
SA,KA Maharaj (SA),bowl,12,27,1.0,0.083333333,2.25,v England,Wankhede,2023-10-21,2.0,0.0,13.5,2,,,,,
AUS,JR Hazlewood (AUS),bowl,36,27,1.0,0.027777778,0.75,v Netherlands,Delhi,2023-10-25,6.0,0.0,4.5,2,,,,,
NED,RE van der Merwe (NED),bowl,30,27,1.0,0.033333333,0.9,v Afghanistan,Lucknow,2023-11-03,5.0,0.0,5.4,2,,,,,
NZ,TG Southee (NZ),bowl,30,27,1.0,0.033333333,0.9,v Pakistan,Bengaluru,2023-11-04,5.0,0.0,5.4,2,,,,,
BAN,Mustafizur Rahman (BAN),bowl,42,28,1.0,0.023809524,0.666666667,v Afghanistan,Dharamsala,2023-10-07,7.0,1.0,4.0,1,,,,,
IND,HH Pandya (IND),bowl,18,28,1.0,0.055555556,1.555555556,v Australia,Chennai,2023-10-08,3.0,0.0,9.33,1,,,,,
ENG,MA Wood (ENG),bowl,60,29,1.0,0.016666667,0.483333333,v Bangladesh,Dharamsala,2023-10-10,10.0,0.0,2.9,2,,,,,
NED,LV van Beek (NED),bowl,36,30,1.0,0.027777778,0.833333333,v Pakistan,Hyderabad,2023-10-06,6.0,0.0,5.0,1,,,,,
NED,LV van Beek (NED),bowl,54,30,1.0,0.018518519,0.555555556,v Bangladesh,Eden Gardens,2023-10-28,9.0,1.0,3.33,2,,,,,
NED,LV van Beek (NED),bowl,42,30,1.0,0.023809524,0.714285714,v Afghanistan,Lucknow,2023-11-03,7.0,0.0,4.28,2,,,,,
SA,KA Maharaj (SA),bowl,60,30,1.0,0.016666667,0.5,v India,Eden Gardens,2023-11-05,10.0,0.0,3.0,1,,,,,
PAK,Mohammad Nawaz (3) (PAK),bowl,42,31,1.0,0.023809524,0.738095238,v Netherlands,Hyderabad,2023-10-06,7.0,0.0,4.42,2,,,,,
AFG,Naveen-ul-Haq (AFG),bowl,34,31,1.0,0.029411765,0.911764706,v Bangladesh,Dharamsala,2023-10-07,5.4,0.0,5.47,2,,,,,
AUS,MA Starc (AUS),bowl,48,31,1.0,0.020833333,0.645833333,v India,Chennai,2023-10-08,8.0,0.0,3.87,2,,,,,
IND,SN Thakur (IND),bowl,36,31,1.0,0.027777778,0.861111111,v Afghanistan,Delhi,2023-10-11,6.0,0.0,5.16,1,,,,,
NZ,MJ Santner (NZ),bowl,60,31,1.0,0.016666667,0.516666667,v Bangladesh,Chennai,2023-10-13,10.0,1.0,3.1,1,,,,,
AFG,Mohammad Nabi (AFG),bowl,60,31,1.0,0.016666667,0.516666667,v Pakistan,Chennai,2023-10-23,10.0,0.0,3.1,1,,,,,
BAN,Taskin Ahmed (BAN),bowl,36,32,1.0,0.027777778,0.888888889,v Afghanistan,Dharamsala,2023-10-07,6.0,0.0,5.33,1,,,,,
SA,KA Maharaj (SA),bowl,60,32,1.0,0.016666667,0.533333333,v Bangladesh,Wankhede,2023-10-24,10.0,0.0,3.2,2,,,,,
NZ,JDS Neesham (NZ),bowl,12,32,1.0,0.083333333,2.666666667,v Australia,Dharamsala,2023-10-28,2.0,0.0,16.0,1,,,,,
ENG,LS Livingstone (ENG),bowl,60,33,1.0,0.016666667,0.55,v Afghanistan,Delhi,2023-10-15,10.0,0.0,3.3,1,,,,,
IND,R Ashwin (IND),bowl,60,34,1.0,0.016666667,0.566666667,v Australia,Chennai,2023-10-08,10.0,1.0,3.4,1,,,,,
PAK,Hasan Ali (PAK),bowl,36,34,1.0,0.027777778,0.944444444,v India,Ahmedabad,2023-10-14,6.0,0.0,5.66,2,,,,,
NZ,R Ravindra (NZ),bowl,30,34,1.0,0.033333333,1.133333333,v Afghanistan,Chennai,2023-10-18,5.0,0.0,6.8,2,,,,,
AUS,MP Stoinis (AUS),bowl,24,34,1.0,0.041666667,1.416666667,v England,Ahmedabad,2023-11-04,4.0,0.0,8.5,2,,,,,
BAN,Mustafizur Rahman (BAN),bowl,48,36,1.0,0.020833333,0.75,v New Zealand,Chennai,2023-10-13,8.0,0.0,4.5,2,,,,,
AUS,GJ Maxwell (AUS),bowl,57,36,1.0,0.01754386,0.631578947,v Sri Lanka,Lucknow,2023-10-16,9.3,0.0,3.78,1,,,,,
SA,AL Phehlukwayo (SA),bowl,42,36,1.0,0.023809524,0.857142857,v Afghanistan,Ahmedabad,2023-11-10,7.0,0.0,5.14,1,,,,,
PAK,Shaheen Shah Afridi (PAK),bowl,42,37,1.0,0.023809524,0.880952381,v Netherlands,Hyderabad,2023-10-06,7.0,0.0,5.28,2,,,,,
AUS,JR Hazlewood (AUS),bowl,60,37,1.0,0.016666667,0.616666667,v Pakistan,Bengaluru,2023-10-20,10.0,1.0,3.7,2,,,,,
NZ,MJ Santner (NZ),bowl,60,37,1.0,0.016666667,0.616666667,v India,Dharamsala,2023-10-22,10.0,0.0,3.7,2,,,,,
BAN,Shakib Al Hasan (BAN),bowl,60,37,1.0,0.016666667,0.616666667,v Netherlands,Eden Gardens,2023-10-28,10.0,1.0,3.7,1,,,,,
AFG,Azmatullah Omarzai (AFG),bowl,42,37,1.0,0.023809524,0.880952381,v Sri Lanka,Pune,2023-10-30,7.0,0.0,5.28,1,,,,,
BAN,Taskin Ahmed (BAN),bowl,36,38,1.0,0.027777778,1.055555556,v England,Dharamsala,2023-10-10,6.0,0.0,6.33,1,,,,,
SA,KA Maharaj (SA),bowl,54,38,1.0,0.018518519,0.703703704,v Netherlands,Dharamsala,2023-10-17,9.0,0.0,4.22,1,,,,,
SA,K Rabada (SA),bowl,36,38,1.0,0.027777778,1.055555556,v England,Wankhede,2023-10-21,6.0,1.0,6.33,2,,,,,
NED,PA van Meekeren (NED),bowl,48,39,1.0,0.020833333,0.8125,v Sri Lanka,Lucknow,2023-10-21,8.0,1.0,4.87,2,,,,,
NED,CN Ackermann (NED),bowl,50,39,1.0,0.02,0.78,v Sri Lanka,Lucknow,2023-10-21,8.2,0.0,4.68,2,,,,,
NED,PA van Meekeren (NED),bowl,36,40,1.0,0.027777778,1.111111111,v Pakistan,Hyderabad,2023-10-06,6.0,0.0,6.66,1,,,,,
IND,Kuldeep Yadav (IND),bowl,60,40,1.0,0.016666667,0.666666667,v Afghanistan,Delhi,2023-10-11,10.0,0.0,4.0,1,,,,,
AFG,Mujeeb Ur Rahman (AFG),bowl,60,40,1.0,0.016666667,0.666666667,v Netherlands,Lucknow,2023-11-03,10.0,0.0,4.0,1,,,,,
ENG,AU Rashid (ENG),bowl,60,42,1.0,0.016666667,0.7,v Bangladesh,Dharamsala,2023-10-10,10.0,0.0,4.2,2,,,,,
ENG,LS Livingstone (ENG),bowl,36,42,1.0,0.027777778,1.166666667,v Australia,Ahmedabad,2023-11-04,6.0,0.0,7.0,1,,,,,
AFG,Rashid Khan (AFG),bowl,60,43,1.0,0.016666667,0.716666667,v New Zealand,Chennai,2023-10-18,10.0,0.0,4.3,1,,,,,
SL,M Theekshana (SL),bowl,42,43,1.0,0.023809524,1.023809524,v New Zealand,Bengaluru,2023-11-09,7.0,0.0,6.14,2,,,,,
AFG,Naveen-ul-Haq (AFG),bowl,36,44,1.0,0.027777778,1.222222222,v England,Delhi,2023-10-15,6.0,1.0,7.33,2,,,,,
SL,M Theekshana (SL),bowl,60,44,1.0,0.016666667,0.733333333,v Netherlands,Lucknow,2023-10-21,10.0,0.0,4.4,1,,,,,
PAK,Hasan Ali (PAK),bowl,60,44,1.0,0.016666667,0.733333333,v Afghanistan,Chennai,2023-10-23,10.0,1.0,4.4,2,,,,,
BAN,Mehidy Hasan Miraz (BAN),bowl,54,44,1.0,0.018518519,0.814814815,v South Africa,Wankhede,2023-10-24,9.0,0.0,4.88,1,,,,,
PAK,Iftikhar Ahmed (PAK),bowl,60,44,1.0,0.016666667,0.733333333,v Bangladesh,Eden Gardens,2023-10-31,10.0,0.0,4.4,1,,,,,
PAK,Shadab Khan (PAK),bowl,48,45,1.0,0.020833333,0.9375,v Netherlands,Hyderabad,2023-10-06,8.0,0.0,5.62,2,,,,,
IND,JJ Bumrah (IND),bowl,60,45,1.0,0.016666667,0.75,v New Zealand,Dharamsala,2023-10-22,10.0,1.0,4.5,1,,,,,
IND,Mohammed Siraj (IND),bowl,60,45,1.0,0.016666667,0.75,v New Zealand,Dharamsala,2023-10-22,10.0,1.0,4.5,1,,,,,
SA,L Ngidi (SA),bowl,46,45,1.0,0.02173913,0.97826087,v Pakistan,Chennai,2023-10-27,7.4,0.0,5.86,1,,,,,
NZ,R Ravindra (NZ),bowl,60,46,1.0,0.016666667,0.766666667,v Netherlands,Hyderabad,2023-10-09,10.0,0.0,4.6,2,,,,,
ENG,MA Wood (ENG),bowl,54,46,1.0,0.018518519,0.851851852,v India,Lucknow,2023-10-29,9.0,1.0,5.11,1,,,,,
ENG,SM Curran (ENG),bowl,36,47,1.0,0.027777778,1.305555556,v New Zealand,Ahmedabad,2023-10-05,6.0,2.0,7.83,2,,,,,
ENG,SM Curran (ENG),bowl,44,47,1.0,0.022727273,1.068181818,v Bangladesh,Dharamsala,2023-10-10,7.2,0.0,6.4,2,,,,,
IND,Kuldeep Yadav (IND),bowl,60,47,1.0,0.016666667,0.783333333,v Bangladesh,Pune,2023-10-19,10.0,0.0,4.7,1,,,,,
NZ,TA Boult (NZ),bowl,60,48,1.0,0.016666667,0.8,v England,Ahmedabad,2023-10-05,10.0,1.0,4.8,1,,,,,
NED,A Dutt (NED),bowl,60,48,1.0,0.016666667,0.8,v Pakistan,Hyderabad,2023-10-06,10.0,0.0,4.8,1,,,,,
SL,CAK Rajitha (SL),bowl,60,48,1.0,0.016666667,0.8,v Afghanistan,Pune,2023-10-30,10.0,0.0,4.8,2,,,,,
ENG,DJ Willey (ENG),bowl,60,48,1.0,0.016666667,0.8,v Australia,Ahmedabad,2023-11-04,10.0,1.0,4.8,1,,,,,
SA,K Rabada (SA),bowl,60,48,1.0,0.016666667,0.8,v India,Eden Gardens,2023-11-05,10.0,1.0,4.8,1,,,,,
SA,L Ngidi (SA),bowl,48,49,1.0,0.020833333,1.020833333,v Sri Lanka,Delhi,2023-10-07,8.0,1.0,6.12,2,,,,,
NZ,TA Boult (NZ),bowl,60,49,1.0,0.016666667,0.816666667,v South Africa,Pune,2023-11-01,10.0,1.0,4.9,1,,,,,
BAN,Mehidy Hasan Miraz (BAN),bowl,60,49,1.0,0.016666667,0.816666667,v Sri Lanka,Delhi,2023-11-06,10.0,0.0,4.9,1,,,,,
AFG,Fazalhaq Farooqi (AFG),bowl,42,50,1.0,0.023809524,1.19047619,v England,Delhi,2023-10-15,7.0,0.0,7.14,2,,,,,
AFG,Azmatullah Omarzai (AFG),bowl,30,50,1.0,0.033333333,1.666666667,v Pakistan,Chennai,2023-10-23,5.0,0.0,10.0,1,,,,,
AFG,Rashid Khan (AFG),bowl,60,50,1.0,0.016666667,0.833333333,v Sri Lanka,Pune,2023-10-30,10.0,0.0,5.0,1,,,,,
AFG,Mujeeb Ur Rahman (AFG),bowl,60,51,1.0,0.016666667,0.85,v South Africa,Ahmedabad,2023-11-10,10.0,0.0,5.1,2,,,,,
BAN,Shakib Al Hasan (BAN),bowl,60,52,1.0,0.016666667,0.866666667,v England,Dharamsala,2023-10-10,10.0,0.0,5.2,1,,,,,
ENG,RJW Topley (ENG),bowl,53,52,1.0,0.018867925,0.981132075,v Afghanistan,Delhi,2023-10-15,8.5,1.0,5.88,1,,,,,
NZ,TG Southee (NZ),bowl,48,52,1.0,0.020833333,1.083333333,v Sri Lanka,Bengaluru,2023-11-09,8.0,0.0,6.5,1,,,,,
SL,DN Wellalage (SL),bowl,56,53,1.0,0.017857143,0.946428571,v Australia,Lucknow,2023-10-16,9.2,0.0,5.67,2,,,,,
BAN,Shakib Al Hasan (BAN),bowl,60,54,1.0,0.016666667,0.9,v New Zealand,Chennai,2023-10-13,10.0,0.0,5.4,2,,,,,
PAK,Shadab Khan (PAK),bowl,48,55,1.0,0.020833333,1.145833333,v Sri Lanka,Hyderabad,2023-10-10,8.0,0.0,6.87,1,,,,,
NZ,MJ Henry (NZ),bowl,54,55,1.0,0.018518519,1.018518519,v India,Dharamsala,2023-10-22,9.0,0.0,6.11,2,,,,,
PAK,Iftikhar Ahmed (PAK),bowl,48,55,1.0,0.020833333,1.145833333,v New Zealand,Bengaluru,2023-11-04,8.0,0.0,6.87,1,,,,,
AUS,GJ Maxwell (AUS),bowl,60,55,1.0,0.016666667,0.916666667,v Afghanistan,Wankhede,2023-11-07,10.0,0.0,5.5,1,,,,,
SA,G Coetzee (SA),bowl,48,57,1.0,0.020833333,1.1875,v Netherlands,Dharamsala,2023-10-17,8.0,0.0,7.12,1,,,,,
AFG,Mujeeb Ur Rahman (AFG),bowl,60,57,1.0,0.016666667,0.95,v New Zealand,Chennai,2023-10-18,10.0,0.0,5.7,1,,,,,
NED,PA van Meekeren (NED),bowl,60,57,1.0,0.016666667,0.95,v England,Pune,2023-11-08,10.0,0.0,5.7,1,,,,,
PAK,Shaheen Shah Afridi (PAK),bowl,60,58,1.0,0.016666667,0.966666667,v Afghanistan,Chennai,2023-10-23,10.0,0.0,5.8,2,,,,,
AUS,A Zampa (AUS),bowl,60,58,1.0,0.016666667,0.966666667,v Afghanistan,Wankhede,2023-11-07,10.0,0.0,5.8,1,,,,,
SL,M Theekshana (SL),bowl,60,59,1.0,0.016666667,0.983333333,v Pakistan,Hyderabad,2023-10-10,10.0,0.0,5.9,2,,,,,
IND,SN Thakur (IND),bowl,54,59,1.0,0.018518519,1.092592593,v Bangladesh,Pune,2023-10-19,9.0,0.0,6.55,1,,,,,
NED,A Dutt (NED),bowl,42,59,1.0,0.023809524,1.404761905,v Australia,Delhi,2023-10-25,7.0,0.0,8.42,1,,,,,
AUS,JR Hazlewood (AUS),bowl,54,60,1.0,0.018518519,1.111111111,v South Africa,Lucknow,2023-10-12,9.0,0.0,6.66,1,,,,,
NZ,TA Boult (NZ),bowl,60,60,1.0,0.016666667,1.0,v India,Dharamsala,2023-10-22,10.0,0.0,6.0,2,,,,,
PAK,Mohammad Nawaz (3) (PAK),bowl,54,62,1.0,0.018518519,1.148148148,v Sri Lanka,Hyderabad,2023-10-10,9.0,0.0,6.88,1,,,,,
AUS,GJ Maxwell (AUS),bowl,60,62,1.0,0.016666667,1.033333333,v New Zealand,Dharamsala,2023-10-28,10.0,0.0,6.2,2,,,,,
SA,L Ngidi (SA),bowl,50,63,1.0,0.02,1.26,v India,Eden Gardens,2023-11-05,8.2,0.0,7.56,1,,,,,
NED,BFW de Leede (NED),bowl,60,64,1.0,0.016666667,1.066666667,v New Zealand,Hyderabad,2023-10-09,10.0,0.0,6.4,1,,,,,
BAN,Hasan Mahmud (BAN),bowl,48,65,1.0,0.020833333,1.354166667,v India,Pune,2023-10-19,8.0,0.0,8.12,2,,,,,
AUS,MA Starc (AUS),bowl,48,65,1.0,0.020833333,1.354166667,v Pakistan,Bengaluru,2023-10-20,8.0,0.0,8.12,2,,,,,
PAK,Shaheen Shah Afridi (PAK),bowl,54,66,1.0,0.018518519,1.222222222,v Sri Lanka,Hyderabad,2023-10-10,9.0,0.0,7.33,1,,,,,
PAK,Usama Mir (PAK),bowl,60,66,1.0,0.016666667,1.1,v Bangladesh,Eden Gardens,2023-10-31,10.0,0.0,6.6,1,,,,,
NZ,MJ Henry (NZ),bowl,38,67,1.0,0.026315789,1.763157895,v Australia,Dharamsala,2023-10-28,6.2,0.0,10.57,1,,,,,
BAN,Shakib Al Hasan (BAN),bowl,54,69,1.0,0.018518519,1.277777778,v South Africa,Wankhede,2023-10-24,9.0,0.0,7.66,1,,,,,
NZ,JDS Neesham (NZ),bowl,33,69,1.0,0.03030303,2.090909091,v South Africa,Pune,2023-11-01,5.3,0.0,12.54,1,,,,,
AUS,A Zampa (AUS),bowl,60,70,1.0,0.016666667,1.166666667,v South Africa,Lucknow,2023-10-12,10.0,0.0,7.0,1,,,,,
AUS,MA Starc (AUS),bowl,54,70,1.0,0.018518519,1.296296296,v Afghanistan,Wankhede,2023-11-07,9.0,0.0,7.77,1,,,,,
AUS,PJ Cummins (AUS),bowl,54,71,1.0,0.018518519,1.314814815,v South Africa,Lucknow,2023-10-12,9.0,0.0,7.88,1,,,,,
SL,PVD Chameera (SL),bowl,60,71,1.0,0.016666667,1.183333333,v India,Wankhede,2023-11-02,10.0,2.0,7.1,1,,,,,
SA,T Shamsi (SA),bowl,60,72,1.0,0.016666667,1.2,v India,Eden Gardens,2023-11-05,10.0,0.0,7.2,1,,,,,
NZ,R Ravindra (NZ),bowl,60,76,1.0,0.016666667,1.266666667,v England,Ahmedabad,2023-10-05,10.0,0.0,7.6,1,,,,,
BAN,Shoriful Islam (BAN),bowl,54,76,1.0,0.018518519,1.407407407,v South Africa,Wankhede,2023-10-24,9.0,0.0,8.44,1,,,,,
SL,DN Wellalage (SL),bowl,60,81,1.0,0.016666667,1.35,v South Africa,Delhi,2023-10-07,10.0,0.0,8.1,1,,,,,
PAK,Usama Mir (PAK),bowl,54,82,1.0,0.018518519,1.518518519,v Australia,Bengaluru,2023-10-20,9.0,0.0,9.11,1,,,,,
PAK,Hasan Ali (PAK),bowl,60,82,1.0,0.016666667,1.366666667,v New Zealand,Bengaluru,2023-11-04,10.0,0.0,8.2,1,,,,,
PAK,Haris Rauf (PAK),bowl,60,85,1.0,0.016666667,1.416666667,v New Zealand,Bengaluru,2023-11-04,10.0,0.0,8.5,1,,,,,
SL,CAK Rajitha (SL),bowl,60,90,1.0,0.016666667,1.5,v South Africa,Delhi,2023-10-07,10.0,1.0,9.0,1,,,,,
SL,M Pathirana (SL),bowl,54,90,1.0,0.018518519,1.666666667,v Pakistan,Hyderabad,2023-10-10,9.0,0.0,10.0,2,,,,,
SA,M Jansen (SA),bowl,58,94,1.0,0.017241379,1.620689655,v India,Eden Gardens,2023-11-05,9.4,0.0,9.72,1,,,,,
SL,M Pathirana (SL),bowl,60,95,1.0,0.016666667,1.583333333,v South Africa,Delhi,2023-10-07,10.0,0.0,9.5,1,,,,,
NZ,DJ Mitchell (NZ),bowl,3,1,0.0,0.0,0.333333333,v Pakistan,Bengaluru,2023-11-04,0.3,0.0,2.0,2,,,,,
IND,V Kohli (IND),bowl,3,2,0.0,0.0,0.666666667,v Bangladesh,Pune,2023-10-19,0.3,0.0,4.0,1,,,,,
AUS,MP Stoinis (AUS),bowl,6,2,0.0,0.0,0.333333333,v Afghanistan,Wankhede,2023-11-07,1.0,0.0,2.0,1,,,,,
IND,Kuldeep Yadav (IND),bowl,12,3,0.0,0.0,0.25,v Sri Lanka,Wankhede,2023-11-02,2.0,0.0,1.5,2,,,,,
NZ,GD Phillips (NZ),bowl,6,3,0.0,0.0,0.5,v Sri Lanka,Bengaluru,2023-11-09,1.0,0.0,3.0,1,,,,,
BAN,Najmul Hossain Shanto (BAN),bowl,6,5,0.0,0.0,0.833333333,v Pakistan,Eden Gardens,2023-10-31,1.0,0.0,5.0,2,,,,,
AUS,MR Marsh (AUS),bowl,6,6,0.0,0.0,1.0,v South Africa,Lucknow,2023-10-12,1.0,0.0,6.0,1,,,,,
BAN,Mahmudullah (BAN),bowl,6,6,0.0,0.0,1.0,v India,Pune,2023-10-19,1.0,0.0,6.0,2,,,,,
BAN,Mahmudullah (BAN),bowl,6,7,0.0,0.0,1.166666667,v Afghanistan,Dharamsala,2023-10-07,1.0,0.0,7.0,1,,,,,
IND,HH Pandya (IND),bowl,3,8,0.0,0.0,2.666666667,v Bangladesh,Pune,2023-10-19,0.3,0.0,16.0,1,,,,,
AFG,Azmatullah Omarzai (AFG),bowl,6,8,0.0,0.0,1.333333333,v South Africa,Ahmedabad,2023-11-10,1.0,0.0,8.0,2,,,,,
NED,Vikramjit Singh (NED),bowl,6,9,0.0,0.0,1.5,v New Zealand,Hyderabad,2023-10-09,1.0,0.0,9.0,1,,,,,
SL,KIC Asalanka (SL),bowl,6,10,0.0,0.0,1.666666667,v Pakistan,Hyderabad,2023-10-10,1.0,0.0,10.0,2,,,,,
SL,DM de Silva (SL),bowl,6,10,0.0,0.0,1.666666667,v England,Bengaluru,2023-10-26,1.0,0.0,10.0,1,,,,,
AUS,C Green (AUS),bowl,12,11,0.0,0.0,0.916666667,v India,Chennai,2023-10-08,2.0,0.0,5.5,2,,,,,
NZ,GD Phillips (NZ),bowl,12,11,0.0,0.0,0.916666667,v Netherlands,Hyderabad,2023-10-09,2.0,0.0,5.5,2,,,,,
AUS,MP Stoinis (AUS),bowl,12,11,0.0,0.0,0.916666667,v South Africa,Lucknow,2023-10-12,2.0,0.0,5.5,1,,,,,
NZ,DJ Mitchell (NZ),bowl,6,11,0.0,0.0,1.833333333,v Bangladesh,Chennai,2023-10-13,1.0,0.0,11.0,1,,,,,
AUS,MP Stoinis (AUS),bowl,12,11,0.0,0.0,0.916666667,v Sri Lanka,Lucknow,2023-10-16,2.0,0.0,5.5,1,,,,,
SL,AD Mathews (SL),bowl,18,11,0.0,0.0,0.611111111,v India,Wankhede,2023-11-02,3.0,0.0,3.66,1,,,,,
AFG,Azmatullah Omarzai (AFG),bowl,18,11,0.0,0.0,0.611111111,v Netherlands,Lucknow,2023-11-03,3.0,0.0,3.66,1,,,,,
IND,SN Thakur (IND),bowl,12,12,0.0,0.0,1.0,v Pakistan,Ahmedabad,2023-10-14,2.0,0.0,6.0,1,,,,,
NZ,GD Phillips (NZ),bowl,12,12,0.0,0.0,1.0,v India,Dharamsala,2023-10-22,2.0,0.0,6.0,2,,,,,
NED,CN Ackermann (NED),bowl,18,12,0.0,0.0,0.666666667,v Afghanistan,Lucknow,2023-11-03,3.0,0.0,4.0,2,,,,,
AFG,Rahmat Shah (AFG),bowl,6,12,0.0,0.0,2.0,v South Africa,Ahmedabad,2023-11-10,1.0,0.0,12.0,2,,,,,
AFG,Azmatullah Omarzai (AFG),bowl,12,13,0.0,0.0,1.083333333,v England,Delhi,2023-10-15,2.0,0.0,6.5,2,,,,,
SL,DM de Silva (SL),bowl,18,13,0.0,0.0,0.722222222,v Australia,Lucknow,2023-10-16,3.0,0.0,4.33,2,,,,,
NZ,GD Phillips (NZ),bowl,18,13,0.0,0.0,0.722222222,v Afghanistan,Chennai,2023-10-18,3.0,0.0,4.33,2,,,,,
SL,DM de Silva (SL),bowl,24,13,0.0,0.0,0.541666667,v Netherlands,Lucknow,2023-10-21,4.0,0.0,3.25,1,,,,,
NED,Shariz Ahmad (NED),bowl,12,13,0.0,0.0,1.083333333,v Bangladesh,Eden Gardens,2023-10-28,2.0,0.0,6.5,2,,,,,
IND,JJ Bumrah (IND),bowl,30,14,0.0,0.0,0.466666667,v South Africa,Eden Gardens,2023-11-05,5.0,0.0,2.8,2,,,,,
NED,Saqib Zulfiqar (NED),bowl,12,15,0.0,0.0,1.25,v Pakistan,Hyderabad,2023-10-06,2.0,0.0,7.5,1,,,,,
SL,C Karunaratne (SL),bowl,18,15,0.0,0.0,0.833333333,v Australia,Lucknow,2023-10-16,3.0,0.0,5.0,2,,,,,
AUS,TM Head (AUS),bowl,18,15,0.0,0.0,0.833333333,v Afghanistan,Wankhede,2023-11-07,3.0,0.0,5.0,1,,,,,
NED,Vikramjit Singh (NED),bowl,12,16,0.0,0.0,1.333333333,v Pakistan,Hyderabad,2023-10-06,2.0,0.0,8.0,1,,,,,
ENG,LS Livingstone (ENG),bowl,18,17,0.0,0.0,0.944444444,v Sri Lanka,Bengaluru,2023-10-26,3.0,0.0,5.66,2,,,,,
BAN,Mehidy Hasan Miraz (BAN),bowl,24,17,0.0,0.0,0.708333333,v Netherlands,Eden Gardens,2023-10-28,4.0,0.0,4.25,1,,,,,
NZ,R Ravindra (NZ),bowl,12,17,0.0,0.0,1.416666667,v South Africa,Pune,2023-11-01,2.0,0.0,8.5,1,,,,,
SA,AK Markram (SA),bowl,12,17,0.0,0.0,1.416666667,v India,Eden Gardens,2023-11-05,2.0,0.0,8.5,1,,,,,
AFG,Mohammad Nabi (AFG),bowl,36,18,0.0,0.0,0.5,v Bangladesh,Dharamsala,2023-10-07,6.0,1.0,3.0,2,,,,,
AUS,MR Marsh (AUS),bowl,12,18,0.0,0.0,1.5,v New Zealand,Dharamsala,2023-10-28,2.0,0.0,9.0,2,,,,,
SL,AD Mathews (SL),bowl,18,18,0.0,0.0,1.0,v Afghanistan,Pune,2023-10-30,3.0,0.0,6.0,2,,,,,
NED,A Dutt (NED),bowl,30,19,0.0,0.0,0.633333333,v South Africa,Dharamsala,2023-10-17,5.0,1.0,3.8,2,,,,,
NED,CN Ackermann (NED),bowl,24,19,0.0,0.0,0.791666667,v Australia,Delhi,2023-10-25,4.0,0.0,4.75,1,,,,,
BAN,Mahmudullah (BAN),bowl,18,20,0.0,0.0,1.111111111,v South Africa,Wankhede,2023-10-24,3.0,0.0,6.66,1,,,,,
SA,AK Markram (SA),bowl,24,20,0.0,0.0,0.833333333,v Pakistan,Chennai,2023-10-27,4.0,0.0,5.0,1,,,,,
SL,DM de Silva (SL),bowl,18,20,0.0,0.0,1.111111111,v Bangladesh,Delhi,2023-11-06,3.0,0.0,6.66,2,,,,,
AFG,Mohammad Nabi (AFG),bowl,12,20,0.0,0.0,1.666666667,v Australia,Wankhede,2023-11-07,2.0,0.0,10.0,2,,,,,
ENG,MM Ali (ENG),bowl,18,21,0.0,0.0,1.166666667,v Sri Lanka,Bengaluru,2023-10-26,3.0,0.0,7.0,2,,,,,
SL,DM de Silva (SL),bowl,24,21,0.0,0.0,0.875,v Afghanistan,Pune,2023-10-30,4.0,0.0,5.25,2,,,,,
PAK,Agha Salman (PAK),bowl,12,21,0.0,0.0,1.75,v New Zealand,Bengaluru,2023-11-04,2.0,0.0,10.5,1,,,,,
PAK,Iftikhar Ahmed (PAK),bowl,24,22,0.0,0.0,0.916666667,v Sri Lanka,Hyderabad,2023-10-10,4.0,0.0,5.5,1,,,,,
NED,RE van der Merwe (NED),bowl,18,22,0.0,0.0,1.222222222,v England,Pune,2023-11-08,3.0,0.0,7.33,1,,,,,
SL,DM de Silva (SL),bowl,12,22,0.0,0.0,1.833333333,v New Zealand,Bengaluru,2023-11-09,2.0,0.0,11.0,2,,,,,
ENG,MA Wood (ENG),bowl,24,23,0.0,0.0,0.958333333,v Sri Lanka,Bengaluru,2023-10-26,4.0,0.0,5.75,2,,,,,
PAK,Iftikhar Ahmed (PAK),bowl,18,23,0.0,0.0,1.277777778,v South Africa,Chennai,2023-10-27,3.0,0.0,7.66,2,,,,,
ENG,LS Livingstone (ENG),bowl,18,24,0.0,0.0,1.333333333,v New Zealand,Ahmedabad,2023-10-05,3.0,0.0,8.0,2,,,,,
BAN,Shoriful Islam (BAN),bowl,24,25,0.0,0.0,1.041666667,v Pakistan,Eden Gardens,2023-10-31,4.0,1.0,6.25,2,,,,,
SA,AK Markram (SA),bowl,27,25,0.0,0.0,0.925925926,v Afghanistan,Ahmedabad,2023-11-10,4.3,0.0,5.55,1,,,,,
PAK,Iftikhar Ahmed (PAK),bowl,30,27,0.0,0.0,0.9,v Afghanistan,Chennai,2023-10-23,5.0,0.0,5.4,2,,,,,
BAN,Nasum Ahmed (BAN),bowl,30,27,0.0,0.0,0.9,v South Africa,Wankhede,2023-10-24,5.0,0.0,5.4,1,,,,,
NED,Vikramjit Singh (NED),bowl,24,27,0.0,0.0,1.125,v Australia,Delhi,2023-10-25,4.0,0.0,6.75,1,,,,,
NED,CN Ackermann (NED),bowl,24,28,0.0,0.0,1.166666667,v New Zealand,Hyderabad,2023-10-09,4.0,0.0,7.0,1,,,,,
SL,MD Shanaka (SL),bowl,30,28,0.0,0.0,0.933333333,v Pakistan,Hyderabad,2023-10-10,5.0,0.0,5.6,2,,,,,
SA,L Ngidi (SA),bowl,36,28,0.0,0.0,0.777777778,v New Zealand,Pune,2023-11-01,6.0,1.0,4.66,2,,,,,
ENG,MM Ali (ENG),bowl,24,28,0.0,0.0,1.166666667,v Australia,Ahmedabad,2023-11-04,4.0,0.0,7.0,1,,,,,
AUS,TM Head (AUS),bowl,30,28,0.0,0.0,0.933333333,v England,Ahmedabad,2023-11-04,5.0,0.0,5.6,2,,,,,
BAN,Mustafizur Rahman (BAN),bowl,30,29,0.0,0.0,0.966666667,v India,Pune,2023-10-19,5.0,0.0,5.8,2,,,,,
NED,BFW de Leede (NED),bowl,18,29,0.0,0.0,1.611111111,v Sri Lanka,Lucknow,2023-10-21,3.0,0.0,9.66,2,,,,,
ENG,LS Livingstone (ENG),bowl,24,29,0.0,0.0,1.208333333,v India,Lucknow,2023-10-29,4.0,1.0,7.25,1,,,,,
AFG,Mujeeb Ur Rahman (AFG),bowl,42,30,0.0,0.0,0.714285714,v Bangladesh,Dharamsala,2023-10-07,7.0,0.0,4.28,2,,,,,
ENG,CR Woakes (ENG),bowl,36,30,0.0,0.0,0.833333333,v Sri Lanka,Bengaluru,2023-10-26,6.0,0.0,5.0,2,,,,,
BAN,Shakib Al Hasan (BAN),bowl,33,30,0.0,0.0,0.909090909,v Pakistan,Eden Gardens,2023-10-31,5.3,0.0,5.45,2,,,,,
AFG,Naveen-ul-Haq (AFG),bowl,30,31,0.0,0.0,1.033333333,v India,Delhi,2023-10-11,5.0,0.0,6.2,2,,,,,
PAK,Shadab Khan (PAK),bowl,24,31,0.0,0.0,1.291666667,v India,Ahmedabad,2023-10-14,4.0,0.0,7.75,2,,,,,
NZ,MJ Henry (NZ),bowl,33,31,0.0,0.0,0.939393939,v South Africa,Pune,2023-11-01,5.3,0.0,5.63,1,,,,,
AFG,Rashid Khan (AFG),bowl,60,31,0.0,0.0,0.516666667,v Netherlands,Lucknow,2023-11-03,10.0,0.0,3.1,1,,,,,
NED,CN Ackermann (NED),bowl,42,31,0.0,0.0,0.738095238,v England,Pune,2023-11-08,7.0,0.0,4.42,1,,,,,
NZ,LH Ferguson (NZ),bowl,48,32,0.0,0.0,0.666666667,v Netherlands,Hyderabad,2023-10-09,8.0,0.0,4.0,2,,,,,
AFG,Mohammad Nabi (AFG),bowl,24,32,0.0,0.0,1.333333333,v India,Delhi,2023-10-11,4.0,0.0,8.0,2,,,,,
AUS,PJ Cummins (AUS),bowl,38,33,0.0,0.0,0.868421053,v India,Chennai,2023-10-08,6.2,0.0,5.21,2,,,,,
AUS,GJ Maxwell (AUS),bowl,48,33,0.0,0.0,0.6875,v India,Chennai,2023-10-08,8.0,0.0,4.12,2,,,,,
IND,Mohammed Siraj (IND),bowl,36,33,0.0,0.0,0.916666667,v England,Lucknow,2023-10-29,6.0,0.0,5.5,2,,,,,
AFG,Mohammad Nabi (AFG),bowl,36,33,0.0,0.0,0.916666667,v Sri Lanka,Pune,2023-10-30,6.0,0.0,5.5,1,,,,,
NZ,TA Boult (NZ),bowl,48,34,0.0,0.0,0.708333333,v Netherlands,Hyderabad,2023-10-09,8.0,0.0,4.25,2,,,,,
AFG,Azmatullah Omarzai (AFG),bowl,24,34,0.0,0.0,1.416666667,v India,Delhi,2023-10-11,4.0,0.0,8.5,2,,,,,
NED,PA van Meekeren (NED),bowl,30,35,0.0,0.0,1.166666667,v Afghanistan,Lucknow,2023-11-03,5.0,0.0,7.0,2,,,,,
NZ,MJ Santner (NZ),bowl,30,35,0.0,0.0,1.166666667,v Pakistan,Bengaluru,2023-11-04,5.0,0.0,7.0,2,,,,,
NED,RE van der Merwe (NED),bowl,36,36,0.0,0.0,1.0,v Pakistan,Hyderabad,2023-10-06,6.0,0.0,6.0,1,,,,,
SL,MD Shanaka (SL),bowl,36,36,0.0,0.0,1.0,v South Africa,Delhi,2023-10-07,6.0,0.0,6.0,1,,,,,
SL,DM de Silva (SL),bowl,24,36,0.0,0.0,1.5,v Pakistan,Hyderabad,2023-10-10,4.0,0.0,9.0,2,,,,,
AUS,JR Hazlewood (AUS),bowl,42,36,0.0,0.0,0.857142857,v Sri Lanka,Lucknow,2023-10-16,7.0,1.0,5.14,1,,,,,
BAN,Taskin Ahmed (BAN),bowl,36,36,0.0,0.0,1.0,v Pakistan,Eden Gardens,2023-10-31,6.0,1.0,6.0,2,,,,,
AFG,Fazalhaq Farooqi (AFG),bowl,30,36,0.0,0.0,1.2,v Netherlands,Lucknow,2023-11-03,5.0,0.0,7.2,1,,,,,
NZ,R Ravindra (NZ),bowl,42,37,0.0,0.0,0.880952381,v Bangladesh,Chennai,2023-10-13,7.0,0.0,5.28,1,,,,,
PAK,Iftikhar Ahmed (PAK),bowl,48,37,0.0,0.0,0.770833333,v Australia,Bengaluru,2023-10-20,8.0,0.0,4.62,1,,,,,
SL,D Madushanka (SL),bowl,30,37,0.0,0.0,1.233333333,v England,Bengaluru,2023-10-26,5.0,0.0,7.4,1,,,,,
ENG,MM Ali (ENG),bowl,48,37,0.0,0.0,0.770833333,v India,Lucknow,2023-10-29,8.0,0.0,4.62,1,,,,,
IND,RA Jadeja (IND),bowl,48,38,0.0,0.0,0.791666667,v Afghanistan,Delhi,2023-10-11,8.0,0.0,4.75,1,,,,,
NZ,LH Ferguson (NZ),bowl,18,38,0.0,0.0,2.111111111,v Australia,Dharamsala,2023-10-28,3.0,0.0,12.66,1,,,,,
SL,DM de Silva (SL),bowl,24,39,0.0,0.0,1.625,v South Africa,Delhi,2023-10-07,4.0,0.0,9.75,1,,,,,
AFG,Fazalhaq Farooqi (AFG),bowl,42,39,0.0,0.0,0.928571429,v New Zealand,Chennai,2023-10-18,7.0,1.0,5.57,1,,,,,
ENG,AU Rashid (ENG),bowl,28,39,0.0,0.0,1.392857143,v Sri Lanka,Bengaluru,2023-10-26,4.4,0.0,8.35,2,,,,,
BAN,Taskin Ahmed (BAN),bowl,60,39,0.0,0.0,0.65,v Sri Lanka,Delhi,2023-11-06,10.0,1.0,3.9,1,,,,,
AUS,GJ Maxwell (AUS),bowl,30,40,0.0,0.0,1.333333333,v Pakistan,Bengaluru,2023-10-20,5.0,0.0,8.0,2,,,,,
PAK,Mohammad Nawaz (3) (PAK),bowl,38,40,0.0,0.0,1.052631579,v South Africa,Chennai,2023-10-27,6.2,0.0,6.31,2,,,,,
SA,K Rabada (SA),bowl,60,40,0.0,0.0,0.666666667,v Afghanistan,Ahmedabad,2023-11-10,10.0,0.0,4.0,1,,,,,
NED,R Klein (NED),bowl,42,41,0.0,0.0,0.976190476,v New Zealand,Hyderabad,2023-10-09,7.0,1.0,5.85,1,,,,,
ENG,CR Woakes (ENG),bowl,24,41,0.0,0.0,1.708333333,v Afghanistan,Delhi,2023-10-15,4.0,0.0,10.25,1,,,,,
AFG,Mohammad Nabi (AFG),bowl,48,41,0.0,0.0,0.854166667,v New Zealand,Chennai,2023-10-18,8.0,1.0,5.12,1,,,,,
AFG,Rashid Khan (AFG),bowl,60,41,0.0,0.0,0.683333333,v Pakistan,Chennai,2023-10-23,10.0,0.0,4.1,1,,,,,
NED,RE van der Merwe (NED),bowl,30,41,0.0,0.0,1.366666667,v Australia,Delhi,2023-10-25,5.0,0.0,8.2,1,,,,,
ENG,AAP Atkinson (ENG),bowl,42,41,0.0,0.0,0.976190476,v Netherlands,Pune,2023-11-08,7.0,0.0,5.85,2,,,,,
SL,MADI Hemantha (SL),bowl,48,42,0.0,0.0,0.875,v Netherlands,Lucknow,2023-10-21,8.0,0.0,5.25,1,,,,,
NED,RE van der Merwe (NED),bowl,54,42,0.0,0.0,0.777777778,v Sri Lanka,Lucknow,2023-10-21,9.0,0.0,4.66,2,,,,,
NZ,GD Phillips (NZ),bowl,30,42,0.0,0.0,1.4,v Pakistan,Bengaluru,2023-11-04,5.0,1.0,8.4,2,,,,,
BAN,Shoriful Islam (BAN),bowl,47,43,0.0,0.0,0.914893617,v New Zealand,Chennai,2023-10-13,7.5,1.0,5.48,2,,,,,
PAK,Haris Rauf (PAK),bowl,36,43,0.0,0.0,1.194444444,v India,Ahmedabad,2023-10-14,6.0,0.0,7.16,2,,,,,
PAK,Mohammad Nawaz (3) (PAK),bowl,42,43,0.0,0.0,1.023809524,v Australia,Bengaluru,2023-10-20,7.0,0.0,6.14,1,,,,,
NZ,IS Sodhi (NZ),bowl,24,44,0.0,0.0,1.833333333,v Pakistan,Bengaluru,2023-11-04,4.0,0.0,11.0,2,,,,,
ENG,CR Woakes (ENG),bowl,36,45,0.0,0.0,1.25,v New Zealand,Ahmedabad,2023-10-05,6.0,0.0,7.5,2,,,,,
ENG,SM Curran (ENG),bowl,24,46,0.0,0.0,1.916666667,v Afghanistan,Delhi,2023-10-15,4.0,0.0,11.5,1,,,,,
NZ,R Ravindra (NZ),bowl,54,46,0.0,0.0,0.851851852,v India,Dharamsala,2023-10-22,9.0,0.0,5.11,2,,,,,
ENG,AU Rashid (ENG),bowl,42,47,0.0,0.0,1.119047619,v New Zealand,Ahmedabad,2023-10-05,7.0,0.0,6.71,2,,,,,
PAK,Mohammad Nawaz (3) (PAK),bowl,51,47,0.0,0.0,0.921568627,v India,Ahmedabad,2023-10-14,8.3,0.0,5.52,2,,,,,
SL,CBRLS Kumara (SL),bowl,24,47,0.0,0.0,1.958333333,v Australia,Lucknow,2023-10-16,4.0,0.0,11.75,2,,,,,
AFG,Naveen-ul-Haq (AFG),bowl,39,47,0.0,0.0,1.205128205,v Sri Lanka,Pune,2023-10-30,6.3,0.0,7.23,1,,,,,
BAN,Mustafizur Rahman (BAN),bowl,42,47,0.0,0.0,1.119047619,v Pakistan,Eden Gardens,2023-10-31,7.0,0.0,6.71,2,,,,,
SL,CAK Rajitha (SL),bowl,24,47,0.0,0.0,1.958333333,v Bangladesh,Delhi,2023-11-06,4.0,0.0,11.75,2,,,,,
AUS,PJ Cummins (AUS),bowl,48,47,0.0,0.0,0.979166667,v Afghanistan,Wankhede,2023-11-07,8.0,0.0,5.87,1,,,,,
AFG,Rashid Khan (AFG),bowl,54,48,0.0,0.0,0.888888889,v Bangladesh,Dharamsala,2023-10-07,9.0,0.0,5.33,2,,,,,
ENG,JE Root (ENG),bowl,37,48,0.0,0.0,1.297297297,v South Africa,Wankhede,2023-10-21,6.1,0.0,7.78,1,,,,,
IND,RA Jadeja (IND),bowl,60,48,0.0,0.0,0.8,v New Zealand,Dharamsala,2023-10-22,10.0,0.0,4.8,1,,,,,
SL,M Theekshana (SL),bowl,42,49,0.0,0.0,1.166666667,v Australia,Lucknow,2023-10-16,7.0,0.0,7.0,2,,,,,
PAK,Shadab Khan (PAK),bowl,48,49,0.0,0.0,1.020833333,v Afghanistan,Chennai,2023-10-23,8.0,0.0,6.12,2,,,,,
NED,A Dutt (NED),bowl,51,49,0.0,0.0,0.960784314,v Afghanistan,Lucknow,2023-11-03,8.3,0.0,5.76,2,,,,,
AFG,Noor Ahmad (AFG),bowl,54,49,0.0,0.0,0.907407407,v South Africa,Ahmedabad,2023-11-10,9.0,0.0,5.44,2,,,,,
AFG,Fazalhaq Farooqi (AFG),bowl,36,50,0.0,0.0,1.388888889,v India,Delhi,2023-10-11,6.0,0.0,8.33,2,,,,,
NZ,TA Boult (NZ),bowl,36,50,0.0,0.0,1.388888889,v Pakistan,Bengaluru,2023-11-04,6.0,0.0,8.33,2,,,,,
SL,PVD Chameera (SL),bowl,56,51,0.0,0.0,0.910714286,v Afghanistan,Pune,2023-10-30,9.2,0.0,5.46,2,,,,,
NZ,GD Phillips (NZ),bowl,42,52,0.0,0.0,1.238095238,v South Africa,Pune,2023-11-01,7.0,0.0,7.42,1,,,,,
SL,MADI Hemantha (SL),bowl,48,52,0.0,0.0,1.083333333,v India,Wankhede,2023-11-02,8.0,0.0,6.5,1,,,,,
AFG,Naveen-ul-Haq (AFG),bowl,39,52,0.0,0.0,1.333333333,v South Africa,Ahmedabad,2023-11-10,6.3,0.0,8.0,2,,,,,
AUS,A Zampa (AUS),bowl,48,53,0.0,0.0,1.104166667,v India,Chennai,2023-10-08,8.0,0.0,6.62,2,,,,,
PAK,Haris Rauf (PAK),bowl,48,53,0.0,0.0,1.104166667,v Afghanistan,Chennai,2023-10-23,8.0,1.0,6.62,2,,,,,
AFG,Noor Ahmad (AFG),bowl,60,53,0.0,0.0,0.883333333,v Australia,Wankhede,2023-11-07,10.0,1.0,5.3,2,,,,,
BAN,Shoriful Islam (BAN),bowl,48,54,0.0,0.0,1.125,v India,Pune,2023-10-19,8.0,0.0,6.75,2,,,,,
SL,PVD Chameera (SL),bowl,48,54,0.0,0.0,1.125,v Bangladesh,Delhi,2023-11-06,8.0,0.0,6.75,2,,,,,
ENG,MA Wood (ENG),bowl,30,55,0.0,0.0,1.833333333,v New Zealand,Ahmedabad,2023-10-05,5.0,0.0,11.0,2,,,,,
BAN,Mehidy Hasan Miraz (BAN),bowl,36,55,0.0,0.0,1.527777778,v England,Dharamsala,2023-10-10,6.0,0.0,9.16,1,,,,,
AFG,Mujeeb Ur Rahman (AFG),bowl,48,55,0.0,0.0,1.145833333,v Pakistan,Chennai,2023-10-23,8.0,0.0,6.87,1,,,,,
PAK,Usama Mir (PAK),bowl,48,55,0.0,0.0,1.145833333,v Afghanistan,Chennai,2023-10-23,8.0,0.0,6.87,2,,,,,
SL,M Theekshana (SL),bowl,60,55,0.0,0.0,0.916666667,v Afghanistan,Pune,2023-10-30,10.0,0.0,5.5,2,,,,,
NZ,JDS Neesham (NZ),bowl,42,56,0.0,0.0,1.333333333,v England,Ahmedabad,2023-10-05,7.0,0.0,8.0,1,,,,,
BAN,Taskin Ahmed (BAN),bowl,48,56,0.0,0.0,1.166666667,v New Zealand,Chennai,2023-10-13,8.0,0.0,7.0,2,,,,,
SA,KA Maharaj (SA),bowl,54,56,0.0,0.0,1.037037037,v Pakistan,Chennai,2023-10-27,9.0,0.0,6.22,1,,,,,
NZ,R Ravindra (NZ),bowl,48,56,0.0,0.0,1.166666667,v Australia,Dharamsala,2023-10-28,8.0,0.0,7.0,1,,,,,
PAK,Hasan Ali (PAK),bowl,48,57,0.0,0.0,1.1875,v Australia,Bengaluru,2023-10-20,8.0,0.0,7.12,1,,,,,
NED,LV van Beek (NED),bowl,60,57,0.0,0.0,0.95,v Sri Lanka,Lucknow,2023-10-21,10.0,0.0,5.7,2,,,,,
BAN,Mehidy Hasan Miraz (BAN),bowl,54,58,0.0,0.0,1.074074074,v New Zealand,Chennai,2023-10-13,9.0,0.0,6.44,2,,,,,
SL,C Karunaratne (SL),bowl,54,58,0.0,0.0,1.074074074,v Netherlands,Lucknow,2023-10-21,9.0,1.0,6.44,1,,,,,
NZ,MJ Santner (NZ),bowl,60,58,0.0,0.0,0.966666667,v South Africa,Pune,2023-11-01,10.0,0.0,5.8,1,,,,,
SL,D Madushanka (SL),bowl,38,58,0.0,0.0,1.526315789,v New Zealand,Bengaluru,2023-11-09,6.2,0.0,9.15,2,,,,,
ENG,MM Ali (ENG),bowl,56,60,0.0,0.0,1.071428571,v New Zealand,Ahmedabad,2023-10-05,9.2,0.0,6.42,2,,,,,
BAN,Nasum Ahmed (BAN),bowl,57,60,0.0,0.0,1.052631579,v India,Pune,2023-10-19,9.3,0.0,6.31,2,,,,,
ENG,DJ Willey (ENG),bowl,54,61,0.0,0.0,1.12962963,v South Africa,Wankhede,2023-10-21,9.0,1.0,6.77,1,,,,,
SL,DN Wellalage (SL),bowl,60,62,0.0,0.0,1.033333333,v Pakistan,Hyderabad,2023-10-10,10.0,0.0,6.2,2,,,,,
AFG,Mujeeb Ur Rahman (AFG),bowl,48,64,0.0,0.0,1.333333333,v India,Delhi,2023-10-11,8.0,0.0,8.0,2,,,,,
NED,PA van Meekeren (NED),bowl,60,64,0.0,0.0,1.066666667,v Australia,Delhi,2023-10-25,10.0,0.0,6.4,1,,,,,
SL,CAK Rajitha (SL),bowl,54,65,0.0,0.0,1.203703704,v India,Wankhede,2023-11-02,9.0,0.0,7.22,1,,,,,
SL,M Theekshana (SL),bowl,60,67,0.0,0.0,1.116666667,v India,Wankhede,2023-11-02,10.0,0.0,6.7,1,,,,,
BAN,Mustafizur Rahman (BAN),bowl,60,70,0.0,0.0,1.166666667,v England,Dharamsala,2023-10-10,10.0,0.0,7.0,1,,,,,
AFG,Mujeeb Ur Rahman (AFG),bowl,53,72,0.0,0.0,1.358490566,v Australia,Wankhede,2023-11-07,8.5,1.0,8.15,2,,,,,
IND,Mohammed Siraj (IND),bowl,54,76,0.0,0.0,1.407407407,v Afghanistan,Delhi,2023-10-11,9.0,0.0,8.44,1,,,,,
ENG,MA Wood (ENG),bowl,42,76,0.0,0.0,1.80952381,v South Africa,Wankhede,2023-10-21,7.0,0.0,10.85,1,,,,,
BAN,Mustafizur Rahman (BAN),bowl,54,76,0.0,0.0,1.407407407,v South Africa,Wankhede,2023-10-24,9.0,0.0,8.44,1,,,,,
AUS,MA Starc (AUS),bowl,54,89,0.0,0.0,1.648148148,v New Zealand,Dharamsala,2023-10-28,9.0,0.0,9.88,2,,,,,
PAK,Shaheen Shah Afridi (PAK),bowl,60,90,0.0,0.0,1.5,v New Zealand,Bengaluru,2023-11-04,10.0,0.0,9.0,1,,,,,
AUS,GJ Maxwell (AUS),bat,128,201,,0.0,1.5703,v Afghanistan,Wankhede,2023-11-07,,,,2,21.0,10.0,157.03,1.0,181.0
SA,Q de Kock (SA),bat,140,174,,0.007142857,1.2428,v Bangladesh,Wankhede,2023-10-24,,,,1,15.0,7.0,124.28,0.0,192.0
AUS,DA Warner (AUS),bat,124,163,,0.008064516,1.3145,v Pakistan,Bengaluru,2023-10-20,,,,1,14.0,9.0,131.45,0.0,180.0
NZ,DP Conway (NZ),bat,121,152,,0.0,1.2561,v England,Ahmedabad,2023-10-05,,,,2,19.0,3.0,125.61,1.0,147.0
ENG,DJ Malan (ENG),bat,107,140,,0.009345794,1.3084,v Bangladesh,Dharamsala,2023-10-10,,,,1,16.0,5.0,130.84,0.0,106.0
SA,HE van der Dussen (SA),bat,118,133,,0.008474576,1.1271,v New Zealand,Pune,2023-11-01,,,,1,9.0,5.0,112.71,0.0,172.0
PAK,Mohammad Rizwan (PAK),bat,121,131,,0.0,1.0826,v Sri Lanka,Hyderabad,2023-10-10,,,,2,8.0,3.0,108.26,1.0,193.0
IND,RG Sharma (IND),bat,84,131,,0.011904762,1.5595,v Afghanistan,Delhi,2023-10-11,,,,2,16.0,5.0,155.95,0.0,111.0
NZ,DJ Mitchell (NZ),bat,127,130,,0.007874016,1.0236,v India,Dharamsala,2023-10-22,,,,1,9.0,5.0,102.36,0.0,192.0
AFG,Ibrahim Zadran (AFG),bat,143,129,,0.0,0.902,v Australia,Wankhede,2023-11-07,,,,1,8.0,3.0,90.2,1.0,217.0
PAK,Fakhar Zaman (PAK),bat,81,126,,0.0,1.5555,v New Zealand,Bengaluru,2023-11-04,,,,2,8.0,11.0,155.55,1.0,103.0
NZ,R Ravindra (NZ),bat,96,123,,0.0,1.2812,v England,Ahmedabad,2023-10-05,,,,2,11.0,5.0,128.12,1.0,141.0
SL,BKG Mendis (SL),bat,77,122,,0.012987013,1.5844,v Pakistan,Hyderabad,2023-10-10,,,,1,14.0,6.0,158.44,0.0,124.0
AUS,MR Marsh (AUS),bat,108,121,,0.009259259,1.1203,v Pakistan,Bengaluru,2023-10-20,,,,1,10.0,9.0,112.03,0.0,139.0
NZ,R Ravindra (NZ),bat,89,116,,0.011235955,1.3033,v Australia,Dharamsala,2023-10-28,,,,2,9.0,5.0,130.33,0.0,137.0
SA,Q de Kock (SA),bat,116,114,,0.00862069,0.9827,v New Zealand,Pune,2023-11-01,,,,1,10.0,3.0,98.27,0.0,176.0
PAK,Abdullah Shafique (PAK),bat,103,113,,0.009708738,1.097,v Sri Lanka,Hyderabad,2023-10-10,,,,2,10.0,3.0,109.7,0.0,150.0
BAN,Mahmudullah (BAN),bat,111,111,,0.009009009,1.0,v South Africa,Wankhede,2023-10-24,,,,2,11.0,4.0,100.0,0.0,150.0
SA,Q de Kock (SA),bat,106,109,,0.009433962,1.0283,v Australia,Lucknow,2023-10-12,,,,1,8.0,5.0,102.83,0.0,147.0
SA,H Klaasen (SA),bat,67,109,,0.014925373,1.6268,v England,Wankhede,2023-10-21,,,,1,12.0,4.0,162.68,0.0,119.0
AUS,TM Head (AUS),bat,67,109,,0.014925373,1.6268,v New Zealand,Dharamsala,2023-10-28,,,,1,10.0,7.0,162.68,0.0,94.0
SA,HE van der Dussen (SA),bat,110,108,,0.009090909,0.9818,v Sri Lanka,Delhi,2023-10-07,,,,1,13.0,2.0,98.18,0.0,161.0
SL,S Samarawickrama (SL),bat,89,108,,0.011235955,1.2134,v Pakistan,Hyderabad,2023-10-10,,,,1,11.0,2.0,121.34,0.0,139.0
NZ,R Ravindra (NZ),bat,94,108,,0.010638298,1.1489,v Pakistan,Bengaluru,2023-11-04,,,,1,15.0,1.0,114.89,0.0,170.0
SL,KIC Asalanka (SL),bat,105,108,,0.00952381,1.0285,v Bangladesh,Delhi,2023-11-06,,,,1,6.0,5.0,102.85,0.0,159.0
ENG,BA Stokes (ENG),bat,84,108,,0.011904762,1.2857,v Netherlands,Pune,2023-11-08,,,,1,6.0,6.0,128.57,0.0,136.0
SA,AK Markram (SA),bat,54,106,,0.018518519,1.9629,v Sri Lanka,Delhi,2023-10-07,,,,1,14.0,3.0,196.29,0.0,84.0
AUS,GJ Maxwell (AUS),bat,44,106,,0.022727273,2.409,v Netherlands,Delhi,2023-10-25,,,,1,9.0,8.0,240.9,0.0,53.0
AUS,DA Warner (AUS),bat,93,104,,0.010752688,1.1182,v Netherlands,Delhi,2023-10-25,,,,1,11.0,3.0,111.82,0.0,182.0
IND,V Kohli (IND),bat,97,103,,0.0,1.0618,v Bangladesh,Pune,2023-10-19,,,,2,6.0,4.0,106.18,1.0,113.0
IND,V Kohli (IND),bat,121,101,,0.0,0.8347,v South Africa,Eden Gardens,2023-11-05,,,,1,10.0,0.0,83.47,1.0,195.0
SA,Q de Kock (SA),bat,84,100,,0.011904762,1.1904,v Sri Lanka,Delhi,2023-10-07,,,,1,12.0,3.0,119.04,0.0,140.0
IND,KL Rahul (IND),bat,115,97,,0.0,0.8434,v Australia,Chennai,2023-10-08,,,,2,8.0,2.0,84.34,1.0,180.0
AFG,Azmatullah Omarzai (AFG),bat,107,97,,0.0,0.9065,v South Africa,Ahmedabad,2023-11-10,,,,1,7.0,3.0,90.65,1.0,173.0
IND,V Kohli (IND),bat,104,95,,0.009615385,0.9134,v New Zealand,Dharamsala,2023-10-22,,,,2,8.0,2.0,91.34,0.0,154.0
NZ,KS Williamson (NZ),bat,79,95,,0.012658228,1.2025,v Pakistan,Bengaluru,2023-11-04,,,,1,10.0,2.0,120.25,0.0,111.0
IND,Shubman Gill (IND),bat,92,92,,0.010869565,1.0,v Sri Lanka,Wankhede,2023-11-02,,,,1,11.0,2.0,100.0,0.0,136.0
SL,S Samarawickrama (SL),bat,107,91,,0.0,0.8504,v Netherlands,Lucknow,2023-10-21,,,,2,7.0,0.0,85.04,1.0,168.0
SA,AK Markram (SA),bat,93,91,,0.010752688,0.9784,v Pakistan,Chennai,2023-10-27,,,,2,7.0,3.0,97.84,0.0,151.0
SA,H Klaasen (SA),bat,49,90,,0.020408163,1.8367,v Bangladesh,Wankhede,2023-10-24,,,,1,2.0,8.0,183.67,0.0,94.0
BAN,Najmul Hossain Shanto (BAN),bat,101,90,,0.00990099,0.891,v Sri Lanka,Delhi,2023-11-06,,,,2,12.0,0.0,89.1,0.0,163.0
NZ,DJ Mitchell (NZ),bat,67,89,,0.0,1.3283,v Bangladesh,Chennai,2023-10-13,,,,2,6.0,4.0,132.83,1.0,103.0
IND,V Kohli (IND),bat,94,88,,0.010638298,0.9361,v Sri Lanka,Wankhede,2023-11-02,,,,1,11.0,0.0,93.61,0.0,139.0
AFG,Ibrahim Zadran (AFG),bat,113,87,,0.008849558,0.7699,v Pakistan,Chennai,2023-10-23,,,,2,10.0,0.0,76.99,0.0,146.0
IND,RG Sharma (IND),bat,101,87,,0.00990099,0.8613,v England,Lucknow,2023-10-29,,,,1,10.0,3.0,86.13,0.0,162.0
ENG,DJ Malan (ENG),bat,74,87,,0.013513514,1.1756,v Netherlands,Pune,2023-11-08,,,,1,10.0,2.0,117.56,0.0,92.0
IND,RG Sharma (IND),bat,63,86,,0.015873016,1.365,v Pakistan,Ahmedabad,2023-10-14,,,,2,6.0,6.0,136.5,0.0,91.0
IND,V Kohli (IND),bat,116,85,,0.00862069,0.7327,v Australia,Chennai,2023-10-08,,,,2,6.0,0.0,73.27,0.0,171.0
SA,RR Hendricks (SA),bat,75,85,,0.013333333,1.1333,v England,Wankhede,2023-10-21,,,,1,9.0,3.0,113.33,0.0,111.0
ENG,JE Root (ENG),bat,68,82,,0.014705882,1.2058,v Bangladesh,Dharamsala,2023-10-10,,,,1,8.0,1.0,120.58,0.0,107.0
IND,SS Iyer (IND),bat,56,82,,0.017857143,1.4642,v Sri Lanka,Wankhede,2023-11-02,,,,1,3.0,6.0,146.42,0.0,84.0
BAN,Shakib Al Hasan (BAN),bat,65,82,,0.015384615,1.2615,v Sri Lanka,Delhi,2023-11-06,,,,2,12.0,2.0,126.15,0.0,128.0
AUS,DA Warner (AUS),bat,65,81,,0.015384615,1.2461,v New Zealand,Dharamsala,2023-10-28,,,,1,5.0,6.0,124.61,0.0,77.0
PAK,Fakhar Zaman (PAK),bat,74,81,,0.013513514,1.0945,v Bangladesh,Eden Gardens,2023-10-31,,,,2,3.0,7.0,109.45,0.0,126.0
AFG,Hashmatullah Shahidi (AFG),bat,88,80,,0.011363636,0.909,v India,Delhi,2023-10-11,,,,1,8.0,1.0,90.9,0.0,128.0
AFG,Rahmanullah Gurbaz (AFG),bat,57,80,,0.01754386,1.4035,v England,Delhi,2023-10-15,,,,1,8.0,4.0,140.35,0.0,87.0
SL,KIC Asalanka (SL),bat,65,79,,0.015384615,1.2153,v South Africa,Delhi,2023-10-07,,,,2,8.0,4.0,121.53,0.0,83.0
NZ,KS Williamson (NZ),bat,107,78,,0.0,0.7289,v Bangladesh,Chennai,2023-10-13,,,,2,8.0,1.0,72.89,1.0,158.0
NED,SA Edwards (NED),bat,69,78,,0.0,1.1304,v South Africa,Dharamsala,2023-10-17,,,,1,10.0,1.0,113.04,1.0,102.0
SL,MDKJ Perera (SL),bat,82,78,,0.012195122,0.9512,v Australia,Lucknow,2023-10-16,,,,1,12.0,0.0,95.12,0.0,123.0
AFG,Rahmat Shah (AFG),bat,84,77,,0.0,0.9166,v Pakistan,Chennai,2023-10-23,,,,2,5.0,2.0,91.66,1.0,129.0
SL,P Nissanka (SL),bat,83,77,,0.0,0.9277,v England,Bengaluru,2023-10-26,,,,2,7.0,2.0,92.77,1.0,110.0
ENG,JE Root (ENG),bat,86,77,,0.011627907,0.8953,v New Zealand,Ahmedabad,2023-10-05,,,,1,4.0,1.0,89.53,0.0,140.0
IND,SS Iyer (IND),bat,87,77,,0.011494253,0.885,v South Africa,Eden Gardens,2023-11-05,,,,1,7.0,2.0,88.5,0.0,101.0
SA,HE van der Dussen (SA),bat,95,76,,0.0,0.8,v Afghanistan,Ahmedabad,2023-11-10,,,,2,6.0,1.0,80.0,1.0,141.0
SL,BKG Mendis (SL),bat,42,76,,0.023809524,1.8095,v South Africa,Delhi,2023-10-07,,,,2,4.0,8.0,180.95,0.0,55.0
BAN,Litton Das (BAN),bat,66,76,,0.015151515,1.1515,v England,Dharamsala,2023-10-10,,,,2,7.0,2.0,115.15,0.0,99.0
SA,M Jansen (SA),bat,42,75,,0.0,1.7857,v England,Wankhede,2023-10-21,,,,1,3.0,6.0,178.57,1.0,72.0
NZ,R Ravindra (NZ),bat,87,75,,0.011494253,0.862,v India,Dharamsala,2023-10-22,,,,1,6.0,1.0,86.2,0.0,133.0
PAK,Babar Azam (PAK),bat,92,74,,0.010869565,0.8043,v Afghanistan,Chennai,2023-10-23,,,,1,4.0,1.0,80.43,0.0,121.0
AFG,Azmatullah Omarzai (AFG),bat,63,73,,0.0,1.1587,v Sri Lanka,Pune,2023-10-30,,,,2,6.0,3.0,115.87,1.0,80.0
NZ,GD Phillips (NZ),bat,80,71,,0.0125,0.8875,v Afghanistan,Chennai,2023-10-18,,,,1,4.0,4.0,88.75,0.0,109.0
AUS,SPD Smith (AUS),bat,68,71,,0.014705882,1.0441,v Netherlands,Delhi,2023-10-25,,,,1,9.0,1.0,104.41,0.0,88.0
AUS,M Labuschagne (AUS),bat,83,71,,0.012048193,0.8554,v England,Ahmedabad,2023-11-04,,,,1,7.0,0.0,85.54,0.0,111.0
NZ,WA Young (NZ),bat,80,70,,0.0125,0.875,v Netherlands,Hyderabad,2023-10-09,,,,1,7.0,2.0,87.5,0.0,106.0
PAK,Imam-ul-Haq (PAK),bat,71,70,,0.014084507,0.9859,v Australia,Bengaluru,2023-10-20,,,,2,10.0,0.0,98.59,0.0,107.0
NED,SA Engelbrecht (NED),bat,82,70,,0.012195122,0.8536,v Sri Lanka,Lucknow,2023-10-21,,,,1,4.0,1.0,85.36,0.0,100.0
NED,CN Ackermann (NED),bat,73,69,,0.01369863,0.9452,v New Zealand,Hyderabad,2023-10-09,,,,2,5.0,0.0,94.52,0.0,98.0
PAK,Mohammad Rizwan (PAK),bat,75,68,,0.013333333,0.9066,v Netherlands,Hyderabad,2023-10-06,,,,1,8.0,0.0,90.66,0.0,104.0
PAK,Saud Shakeel (PAK),bat,52,68,,0.019230769,1.3076,v Netherlands,Hyderabad,2023-10-06,,,,1,9.0,1.0,130.76,0.0,84.0
SL,MD Shanaka (SL),bat,62,68,,0.016129032,1.0967,v South Africa,Delhi,2023-10-07,,,,2,6.0,3.0,109.67,0.0,86.0
NZ,TWM Latham (NZ),bat,74,68,,0.013513514,0.9189,v Afghanistan,Chennai,2023-10-18,,,,1,3.0,2.0,91.89,0.0,114.0
NED,SA Edwards (NED),bat,89,68,,0.011235955,0.764,v Bangladesh,Eden Gardens,2023-10-28,,,,1,6.0,0.0,76.4,0.0,122.0
PAK,Abdullah Shafique (PAK),bat,69,68,,0.014492754,0.9855,v Bangladesh,Eden Gardens,2023-10-31,,,,2,9.0,2.0,98.55,0.0,94.0
NED,BFW de Leede (NED),bat,68,67,,0.014705882,0.9852,v Pakistan,Hyderabad,2023-10-06,,,,2,6.0,2.0,98.52,0.0,92.0
PAK,Babar Azam (PAK),bat,63,66,,0.0,1.0476,v New Zealand,Bengaluru,2023-11-04,,,,2,6.0,2.0,104.76,1.0,93.0
BAN,Mushfiqur Rahim (BAN),bat,75,66,,0.013333333,0.88,v New Zealand,Chennai,2023-10-13,,,,1,6.0,2.0,88.0,0.0,93.0
ENG,HC Brook (ENG),bat,61,66,,0.016393443,1.0819,v Afghanistan,Delhi,2023-10-15,,,,2,7.0,1.0,108.19,0.0,123.0
BAN,Litton Das (BAN),bat,82,66,,0.012195122,0.8048,v India,Pune,2023-10-19,,,,1,7.0,0.0,80.48,0.0,124.0
SL,S Samarawickrama (SL),bat,54,65,,0.0,1.2037,v England,Bengaluru,2023-10-26,,,,2,7.0,1.0,120.37,1.0,84.0
AFG,Rahmanullah Gurbaz (AFG),bat,53,65,,0.018867925,1.2264,v Pakistan,Chennai,2023-10-23,,,,2,9.0,1.0,122.64,0.0,91.0
PAK,Abdullah Shafique (PAK),bat,61,64,,0.016393443,1.0491,v Australia,Bengaluru,2023-10-20,,,,2,7.0,2.0,104.91,0.0,93.0
ENG,BA Stokes (ENG),bat,90,64,,0.011111111,0.7111,v Australia,Ahmedabad,2023-11-04,,,,2,2.0,3.0,71.11,0.0,128.0
AFG,Azmatullah Omarzai (AFG),bat,69,62,,0.014492754,0.8985,v India,Delhi,2023-10-11,,,,1,2.0,4.0,89.85,0.0,82.0
AUS,M Labuschagne (AUS),bat,47,62,,0.021276596,1.3191,v Netherlands,Delhi,2023-10-25,,,,1,7.0,2.0,131.91,0.0,60.0
AFG,Rahmat Shah (AFG),bat,74,62,,0.013513514,0.8378,v Sri Lanka,Pune,2023-10-30,,,,2,7.0,0.0,83.78,0.0,121.0
SL,P Nissanka (SL),bat,67,61,,0.014925373,0.9104,v Australia,Lucknow,2023-10-16,,,,1,8.0,0.0,91.04,0.0,103.0
SA,HE van der Dussen (SA),bat,61,60,,0.016393443,0.9836,v England,Wankhede,2023-10-21,,,,1,8.0,0.0,98.36,0.0,86.0
SA,AK Markram (SA),bat,69,60,,0.014492754,0.8695,v Bangladesh,Wankhede,2023-10-24,,,,1,7.0,0.0,86.95,0.0,84.0
NZ,GD Phillips (NZ),bat,50,60,,0.02,1.2,v South Africa,Pune,2023-11-01,,,,2,4.0,4.0,120.0,0.0,87.0
BAN,Najmul Hossain Shanto (BAN),bat,83,59,,0.0,0.7108,v Afghanistan,Dharamsala,2023-10-07,,,,2,3.0,1.0,71.08,1.0,112.0
NED,LV van Beek (NED),bat,75,59,,0.013333333,0.7866,v Sri Lanka,Lucknow,2023-10-21,,,,1,1.0,1.0,78.66,0.0,108.0
AFG,Hashmatullah Shahidi (AFG),bat,74,58,,0.0,0.7837,v Sri Lanka,Pune,2023-10-30,,,,2,2.0,1.0,78.37,1.0,132.0
AFG,Ikram Alikhil (AFG),bat,66,58,,0.015151515,0.8787,v England,Delhi,2023-10-15,,,,1,3.0,2.0,87.87,0.0,92.0
AUS,JP Inglis (AUS),bat,59,58,,0.016949153,0.983,v Sri Lanka,Lucknow,2023-10-16,,,,2,5.0,1.0,98.3,0.0,75.0
PAK,Abdullah Shafique (PAK),bat,75,58,,0.013333333,0.7733,v Afghanistan,Chennai,2023-10-23,,,,1,5.0,2.0,77.33,0.0,89.0
NZ,JDS Neesham (NZ),bat,39,58,,0.025641026,1.4871,v Australia,Dharamsala,2023-10-28,,,,2,3.0,3.0,148.71,0.0,64.0
NED,SA Engelbrecht (NED),bat,86,58,,0.011627907,0.6744,v Afghanistan,Lucknow,2023-11-03,,,,1,6.0,0.0,67.44,0.0,85.0
BAN,Mehidy Hasan Miraz (BAN),bat,73,57,,0.01369863,0.7808,v Afghanistan,Dharamsala,2023-10-07,,,,2,5.0,0.0,78.08,0.0,89.0
AFG,Hashmatullah Shahidi (AFG),bat,64,56,,0.0,0.875,v Netherlands,Lucknow,2023-11-03,,,,2,6.0,0.0,87.5,1.0,92.0
SA,AK Markram (SA),bat,44,56,,0.022727273,1.2727,v Australia,Lucknow,2023-10-12,,,,1,7.0,1.0,127.27,0.0,61.0
BAN,Mahmudullah (BAN),bat,70,56,,0.014285714,0.8,v Pakistan,Eden Gardens,2023-10-31,,,,1,6.0,1.0,80.0,0.0,108.0
IND,V Kohli (IND),bat,56,55,,0.0,0.9821,v Afghanistan,Delhi,2023-10-11,,,,2,6.0,0.0,98.21,1.0,64.0
NZ,WA Young (NZ),bat,64,54,,0.015625,0.8437,v Afghanistan,Chennai,2023-10-18,,,,1,4.0,3.0,84.37,0.0,98.0
SL,P Nissanka (SL),bat,52,54,,0.019230769,1.0384,v Netherlands,Lucknow,2023-10-21,,,,2,9.0,0.0,103.84,0.0,69.0
NZ,DJ Mitchell (NZ),bat,51,54,,0.019607843,1.0588,v Australia,Dharamsala,2023-10-28,,,,2,6.0,1.0,105.88,0.0,59.0
IND,SS Iyer (IND),bat,62,53,,0.0,0.8548,v Pakistan,Ahmedabad,2023-10-14,,,,2,3.0,2.0,85.48,1.0,80.0
NZ,TWM Latham (NZ),bat,46,53,,0.02173913,1.1521,v Netherlands,Hyderabad,2023-10-09,,,,1,6.0,1.0,115.21,0.0,72.0
IND,Shubman Gill (IND),bat,55,53,,0.018181818,0.9636,v Bangladesh,Pune,2023-10-19,,,,2,5.0,2.0,96.36,0.0,80.0
SA,DA Miller (SA),bat,30,53,,0.033333333,1.7666,v New Zealand,Pune,2023-11-01,,,,1,2.0,4.0,176.66,0.0,48.0
NED,Vikramjit Singh (NED),bat,67,52,,0.014925373,0.7761,v Pakistan,Hyderabad,2023-10-06,,,,2,4.0,1.0,77.61,0.0,97.0
ENG,JM Bairstow (ENG),bat,59,52,,0.016949153,0.8813,v Bangladesh,Dharamsala,2023-10-10,,,,1,8.0,0.0,88.13,0.0,80.0
AUS,MR Marsh (AUS),bat,51,52,,0.019607843,1.0196,v Sri Lanka,Lucknow,2023-10-16,,,,2,9.0,0.0,101.96,0.0,67.0
PAK,Saud Shakeel (PAK),bat,52,52,,0.019230769,1.0,v South Africa,Chennai,2023-10-27,,,,1,7.0,0.0,100.0,0.0,81.0
AFG,Rahmat Shah (AFG),bat,54,52,,0.018518519,0.9629,v Netherlands,Lucknow,2023-11-03,,,,2,8.0,0.0,96.29,0.0,74.0
NZ,R Ravindra (NZ),bat,51,51,,0.019607843,1.0,v Netherlands,Hyderabad,2023-10-09,,,,1,3.0,1.0,100.0,0.0,87.0
BAN,Mushfiqur Rahim (BAN),bat,64,51,,0.015625,0.7968,v England,Dharamsala,2023-10-10,,,,2,4.0,0.0,79.68,0.0,93.0
SL,P Nissanka (SL),bat,61,51,,0.016393443,0.836,v Pakistan,Hyderabad,2023-10-10,,,,1,7.0,1.0,83.6,0.0,79.0
BAN,Tanzid Hasan (BAN),bat,43,51,,0.023255814,1.186,v India,Pune,2023-10-19,,,,1,5.0,3.0,118.6,0.0,75.0
ENG,CR Woakes (ENG),bat,45,51,,0.022222222,1.1333,v Netherlands,Pune,2023-11-08,,,,1,5.0,1.0,113.33,0.0,66.0
SL,MDKJ Perera (SL),bat,28,51,,0.035714286,1.8214,v New Zealand,Bengaluru,2023-11-09,,,,1,9.0,2.0,182.14,0.0,46.0
PAK,Babar Azam (PAK),bat,58,50,,0.017241379,0.862,v India,Ahmedabad,2023-10-14,,,,1,7.0,0.0,86.2,0.0,89.0
PAK,Babar Azam (PAK),bat,65,50,,0.015384615,0.7692,v South Africa,Chennai,2023-10-27,,,,1,4.0,1.0,76.92,0.0,100.0
ENG,DJ Malan (ENG),bat,64,50,,0.015625,0.7812,v Australia,Ahmedabad,2023-11-04,,,,2,4.0,1.0,78.12,0.0,99.0
PAK,Mohammad Rizwan (PAK),bat,69,49,,0.014492754,0.7101,v India,Ahmedabad,2023-10-14,,,,1,7.0,0.0,71.01,0.0,89.0
IND,SA Yadav (IND),bat,47,49,,0.021276596,1.0425,v England,Lucknow,2023-10-29,,,,1,4.0,1.0,104.25,0.0,75.0
AFG,Hashmatullah Shahidi (AFG),bat,45,48,,0.0,1.0666,v Pakistan,Chennai,2023-10-23,,,,2,4.0,0.0,106.66,1.0,74.0
NZ,DJ Mitchell (NZ),bat,47,48,,0.021276596,1.0212,v Netherlands,Hyderabad,2023-10-09,,,,1,5.0,2.0,102.12,0.0,67.0
IND,RG Sharma (IND),bat,40,48,,0.025,1.2,v Bangladesh,Pune,2023-10-19,,,,2,7.0,2.0,120.0,0.0,51.0
AFG,Rahmanullah Gurbaz (AFG),bat,62,47,,0.016129032,0.758,v Bangladesh,Dharamsala,2023-10-07,,,,1,4.0,1.0,75.8,0.0,112.0
IND,Ishan Kishan (IND),bat,47,47,,0.021276596,1.0,v Afghanistan,Delhi,2023-10-11,,,,2,5.0,2.0,100.0,0.0,78.0
AUS,C Green (AUS),bat,52,47,,0.019230769,0.9038,v England,Ahmedabad,2023-11-04,,,,1,5.0,0.0,90.38,0.0,81.0
AUS,SPD Smith (AUS),bat,71,46,,0.014084507,0.6478,v India,Chennai,2023-10-08,,,,1,5.0,0.0,64.78,0.0,112.0
AUS,M Labuschagne (AUS),bat,74,46,,0.013513514,0.6216,v South Africa,Lucknow,2023-10-12,,,,2,3.0,0.0,62.16,0.0,125.0
BAN,Mahmudullah (BAN),bat,36,46,,0.027777778,1.2777,v India,Pune,2023-10-19,,,,1,3.0,3.0,127.77,0.0,60.0
PAK,Mohammad Rizwan (PAK),bat,40,46,,0.025,1.15,v Australia,Bengaluru,2023-10-20,,,,2,5.0,0.0,115.0,0.0,84.0
IND,RG Sharma (IND),bat,40,46,,0.025,1.15,v New Zealand,Dharamsala,2023-10-22,,,,2,4.0,4.0,115.0,0.0,44.0
SL,P Nissanka (SL),bat,60,46,,0.016666667,0.7666,v Afghanistan,Pune,2023-10-30,,,,1,5.0,0.0,76.66,0.0,82.0
NZ,DP Conway (NZ),bat,59,45,,0.016949153,0.7627,v Bangladesh,Chennai,2023-10-13,,,,2,3.0,0.0,76.27,0.0,91.0
BAN,Litton Das (BAN),bat,64,45,,0.015625,0.7031,v Pakistan,Eden Gardens,2023-10-31,,,,1,6.0,0.0,70.31,0.0,100.0
NZ,DP Conway (NZ),bat,42,45,,0.023809524,1.0714,v Sri Lanka,Bengaluru,2023-11-09,,,,2,9.0,0.0,107.14,0.0,54.0
SL,KIC Asalanka (SL),bat,66,44,,0.015151515,0.6666,v Netherlands,Lucknow,2023-10-21,,,,2,2.0,1.0,66.66,0.0,70.0
AUS,SPD Smith (AUS),bat,52,44,,0.019230769,0.8461,v England,Ahmedabad,2023-11-04,,,,1,3.0,0.0,84.61,0.0,85.0
ENG,MA Wood (ENG),bat,17,43,,0.0,2.5294,v South Africa,Wankhede,2023-10-21,,,,2,2.0,5.0,252.94,1.0,25.0
ENG,JC Buttler (ENG),bat,42,43,,0.023809524,1.0238,v New Zealand,Ahmedabad,2023-10-05,,,,1,2.0,2.0,102.38,0.0,48.0
SA,DA Miller (SA),bat,52,43,,0.019230769,0.8269,v Netherlands,Dharamsala,2023-10-17,,,,2,4.0,1.0,82.69,0.0,81.0
ENG,BA Stokes (ENG),bat,73,43,,0.01369863,0.589,v Sri Lanka,Bengaluru,2023-10-26,,,,1,6.0,0.0,58.9,0.0,98.0
PAK,Shadab Khan (PAK),bat,36,43,,0.027777778,1.1944,v South Africa,Chennai,2023-10-27,,,,1,3.0,2.0,119.44,0.0,53.0
BAN,Shakib Al Hasan (BAN),bat,64,43,,0.015625,0.6718,v Pakistan,Eden Gardens,2023-10-31,,,,1,4.0,0.0,67.18,0.0,82.0
NZ,DJ Mitchell (NZ),bat,31,43,,0.032258065,1.387,v Sri Lanka,Bengaluru,2023-11-09,,,,2,5.0,2.0,138.7,0.0,45.0
SA,AK Markram (SA),bat,44,42,,0.022727273,0.9545,v England,Wankhede,2023-10-21,,,,1,4.0,0.0,95.45,0.0,63.0
NED,MP O'Dowd (NED),bat,40,42,,0.025,1.05,v Afghanistan,Lucknow,2023-11-03,,,,1,9.0,0.0,105.0,0.0,50.0
ENG,MM Ali (ENG),bat,43,42,,0.023255814,0.9767,v Australia,Ahmedabad,2023-11-04,,,,2,6.0,0.0,97.67,0.0,61.0
NZ,R Ravindra (NZ),bat,34,42,,0.029411765,1.2352,v Sri Lanka,Bengaluru,2023-11-09,,,,2,3.0,3.0,123.52,0.0,61.0
BAN,Mahmudullah (BAN),bat,49,41,,0.0,0.8367,v New Zealand,Chennai,2023-10-13,,,,1,2.0,2.0,83.67,1.0,58.0
NED,AT Nidamanuru (NED),bat,34,41,,0.0,1.2058,v England,Pune,2023-11-08,,,,2,2.0,3.0,120.58,1.0,47.0
AUS,DA Warner (AUS),bat,52,41,,0.019230769,0.7884,v India,Chennai,2023-10-08,,,,1,6.0,0.0,78.84,0.0,76.0
AUS,GJ Maxwell (AUS),bat,24,41,,0.041666667,1.7083,v New Zealand,Dharamsala,2023-10-28,,,,1,5.0,2.0,170.83,0.0,37.0
NED,W Barresi (NED),bat,41,41,,0.024390244,1.0,v Bangladesh,Eden Gardens,2023-10-28,,,,1,8.0,0.0,100.0,0.0,49.0
NZ,GD Phillips (NZ),bat,25,41,,0.04,1.64,v Pakistan,Bengaluru,2023-11-04,,,,1,4.0,2.0,164.0,0.0,40.0
SL,P Nissanka (SL),bat,36,41,,0.027777778,1.1388,v Bangladesh,Delhi,2023-11-06,,,,1,8.0,0.0,113.88,0.0,61.0
SL,S Samarawickrama (SL),bat,42,41,,0.023809524,0.9761,v Bangladesh,Delhi,2023-11-06,,,,1,4.0,0.0,97.61,0.0,53.0
SA,Q de Kock (SA),bat,47,41,,0.021276596,0.8723,v Afghanistan,Ahmedabad,2023-11-10,,,,2,2.0,3.0,87.23,0.0,58.0
BAN,Shakib Al Hasan (BAN),bat,51,40,,0.019607843,0.7843,v New Zealand,Chennai,2023-10-13,,,,1,3.0,2.0,78.43,0.0,75.0
AUS,M Labuschagne (AUS),bat,60,40,,0.016666667,0.6666,v Sri Lanka,Lucknow,2023-10-16,,,,2,2.0,0.0,66.66,0.0,100.0
SA,KA Maharaj (SA),bat,37,40,,0.027027027,1.081,v Netherlands,Dharamsala,2023-10-17,,,,2,5.0,1.0,108.1,0.0,54.0
PAK,Shadab Khan (PAK),bat,38,40,,0.026315789,1.0526,v Afghanistan,Chennai,2023-10-23,,,,1,1.0,1.0,105.26,0.0,75.0
PAK,Iftikhar Ahmed (PAK),bat,27,40,,0.037037037,1.4814,v Afghanistan,Chennai,2023-10-23,,,,1,2.0,4.0,148.14,0.0,40.0
IND,RG Sharma (IND),bat,24,40,,0.041666667,1.6666,v South Africa,Eden Gardens,2023-11-05,,,,1,6.0,2.0,166.66,0.0,32.0
SA,DA Miller (SA),bat,21,39,,0.0,1.8571,v Sri Lanka,Delhi,2023-10-07,,,,1,3.0,2.0,185.71,1.0,36.0
IND,RA Jadeja (IND),bat,44,39,,0.0,0.8863,v New Zealand,Dharamsala,2023-10-22,,,,2,3.0,1.0,88.63,1.0,63.0
SA,AL Phehlukwayo (SA),bat,37,39,,0.0,1.054,v Afghanistan,Ahmedabad,2023-11-10,,,,2,1.0,3.0,105.4,1.0,46.0
PAK,Mohammad Nawaz (3) (PAK),bat,43,39,,0.023255814,0.9069,v Netherlands,Hyderabad,2023-10-06,,,,1,4.0,0.0,90.69,0.0,66.0
BAN,Towhid Hridoy (BAN),bat,61,39,,0.016393443,0.6393,v England,Dharamsala,2023-10-10,,,,2,2.0,0.0,63.93,0.0,70.0
IND,KL Rahul (IND),bat,58,39,,0.017241379,0.6724,v England,Lucknow,2023-10-29,,,,1,3.0,0.0,67.24,0.0,77.0
SL,BKG Mendis (SL),bat,50,39,,0.02,0.78,v Afghanistan,Pune,2023-10-30,,,,1,3.0,0.0,78.0,0.0,91.0
AFG,Ibrahim Zadran (AFG),bat,57,39,,0.01754386,0.6842,v Sri Lanka,Pune,2023-10-30,,,,2,4.0,1.0,68.42,0.0,73.0
NZ,MS Chapman (NZ),bat,27,39,,0.037037037,1.4444,v Pakistan,Bengaluru,2023-11-04,,,,1,7.0,0.0,144.44,0.0,42.0
SL,M Theekshana (SL),bat,91,38,,0.0,0.4175,v New Zealand,Bengaluru,2023-11-09,,,,1,3.0,0.0,41.75,1.0,109.0
BAN,Mushfiqur Rahim (BAN),bat,46,38,,0.02173913,0.826,v India,Pune,2023-10-19,,,,1,1.0,1.0,82.6,0.0,60.0
AUS,JP Inglis (AUS),bat,28,38,,0.035714286,1.3571,v New Zealand,Dharamsala,2023-10-28,,,,1,4.0,1.0,135.71,0.0,48.0
NED,SA Edwards (NED),bat,42,38,,0.023809524,0.9047,v England,Pune,2023-11-08,,,,2,3.0,1.0,90.47,0.0,67.0
AUS,PJ Cummins (AUS),bat,14,37,,0.071428571,2.6428,v New Zealand,Dharamsala,2023-10-28,,,,1,2.0,4.0,264.28,0.0,23.0
NED,W Barresi (NED),bat,62,37,,0.016129032,0.5967,v England,Pune,2023-11-08,,,,2,3.0,1.0,59.67,0.0,77.0
NZ,MJ Santner (NZ),bat,17,36,,0.0,2.1176,v Netherlands,Hyderabad,2023-10-09,,,,1,3.0,2.0,211.76,1.0,25.0
PAK,Imam-ul-Haq (PAK),bat,38,36,,0.026315789,0.9473,v India,Ahmedabad,2023-10-14,,,,1,6.0,0.0,94.73,0.0,64.0
AFG,Rahmat Shah (AFG),bat,62,36,,0.016129032,0.5806,v New Zealand,Chennai,2023-10-18,,,,2,1.0,0.0,58.06,0.0,86.0
AUS,MR Marsh (AUS),bat,51,36,,0.019607843,0.7058,v New Zealand,Dharamsala,2023-10-28,,,,1,2.0,0.0,70.58,0.0,65.0
SL,S Samarawickrama (SL),bat,40,36,,0.025,0.9,v Afghanistan,Pune,2023-10-30,,,,1,3.0,0.0,90.0,0.0,42.0
AFG,Rashid Khan (AFG),bat,18,35,,0.0,1.9444,v Australia,Wankhede,2023-11-07,,,,1,2.0,3.0,194.44,1.0,25.0
SA,T Bavuma (SA),bat,55,35,,0.018181818,0.6363,v Australia,Lucknow,2023-10-12,,,,1,2.0,0.0,63.63,0.0,84.0
ENG,AAP Atkinson (ENG),bat,21,35,,0.047619048,1.6666,v South Africa,Wankhede,2023-10-21,,,,2,7.0,0.0,166.66,0.0,31.0
NED,SA Engelbrecht (NED),bat,61,35,,0.016393443,0.5737,v Bangladesh,Eden Gardens,2023-10-28,,,,1,3.0,0.0,57.37,0.0,72.0
BAN,Mehidy Hasan Miraz (BAN),bat,40,35,,0.025,0.875,v Netherlands,Eden Gardens,2023-10-28,,,,2,5.0,1.0,87.5,0.0,51.0
IND,RA Jadeja (IND),bat,24,35,,0.041666667,1.4583,v Sri Lanka,Wankhede,2023-11-02,,,,1,1.0,1.0,145.83,0.0,41.0
NZ,DP Conway (NZ),bat,39,35,,0.025641026,0.8974,v Pakistan,Bengaluru,2023-11-04,,,,1,6.0,0.0,89.74,0.0,48.0
AUS,MP Stoinis (AUS),bat,32,35,,0.03125,1.0937,v England,Ahmedabad,2023-11-04,,,,1,3.0,2.0,109.37,0.0,53.0
IND,KL Rahul (IND),bat,34,34,,0.0,1.0,v Bangladesh,Pune,2023-10-19,,,,2,3.0,1.0,100.0,1.0,44.0
SA,DA Miller (SA),bat,15,34,,0.0,2.2666,v Bangladesh,Wankhede,2023-10-24,,,,1,1.0,4.0,226.66,1.0,26.0
SL,DM de Silva (SL),bat,36,34,,0.027777778,0.9444,v Bangladesh,Delhi,2023-11-06,,,,1,4.0,1.0,94.44,0.0,58.0
ENG,JM Bairstow (ENG),bat,35,33,,0.028571429,0.9428,v New Zealand,Ahmedabad,2023-10-05,,,,1,4.0,1.0,94.28,0.0,57.0
SL,CAK Rajitha (SL),bat,31,33,,0.032258065,1.0645,v South Africa,Delhi,2023-10-07,,,,2,4.0,1.0,106.45,0.0,52.0
IND,SS Iyer (IND),bat,29,33,,0.034482759,1.1379,v New Zealand,Dharamsala,2023-10-22,,,,2,6.0,0.0,113.79,0.0,32.0
NZ,WA Young (NZ),bat,37,33,,0.027027027,0.8918,v South Africa,Pune,2023-11-01,,,,2,5.0,0.0,89.18,0.0,50.0
NED,SA Engelbrecht (NED),bat,49,33,,0.020408163,0.6734,v England,Pune,2023-11-08,,,,2,3.0,1.0,67.34,0.0,73.0
PAK,Shadab Khan (PAK),bat,34,32,,0.029411765,0.9411,v Netherlands,Hyderabad,2023-10-06,,,,1,2.0,1.0,94.11,0.0,42.0
SA,H Klaasen (SA),bat,20,32,,0.05,1.6,v Sri Lanka,Delhi,2023-10-07,,,,1,1.0,3.0,160.0,0.0,30.0
NZ,DP Conway (NZ),bat,40,32,,0.025,0.8,v Netherlands,Hyderabad,2023-10-09,,,,1,5.0,1.0,80.0,0.0,51.0
ENG,DJ Malan (ENG),bat,39,32,,0.025641026,0.8205,v Afghanistan,Delhi,2023-10-15,,,,2,4.0,0.0,82.05,0.0,61.0
NZ,R Ravindra (NZ),bat,41,32,,0.024390244,0.7804,v Afghanistan,Chennai,2023-10-18,,,,1,2.0,1.0,78.04,0.0,64.0
NZ,WA Young (NZ),bat,37,32,,0.027027027,0.8648,v Australia,Dharamsala,2023-10-28,,,,2,4.0,1.0,86.48,0.0,44.0
ENG,CR Woakes (ENG),bat,33,32,,0.03030303,0.9696,v Australia,Ahmedabad,2023-11-04,,,,2,4.0,1.0,96.96,0.0,52.0
AUS,GJ Maxwell (AUS),bat,21,31,,0.0,1.4761,v Sri Lanka,Lucknow,2023-10-16,,,,2,4.0,2.0,147.61,1.0,30.0
AFG,Azmatullah Omarzai (AFG),bat,28,31,,0.0,1.1071,v Netherlands,Lucknow,2023-11-03,,,,2,3.0,0.0,110.71,0.0,38.0
PAK,Saud Shakeel (PAK),bat,30,31,,0.033333333,1.0333,v Sri Lanka,Hyderabad,2023-10-10,,,,2,2.0,0.0,103.33,0.0,57.0
PAK,Mohammad Rizwan (PAK),bat,27,31,,0.037037037,1.1481,v South Africa,Chennai,2023-10-27,,,,1,4.0,1.0,114.81,0.0,35.0
NED,SA Edwards (NED),bat,27,30,,0.037037037,1.1111,v New Zealand,Hyderabad,2023-10-09,,,,2,2.0,1.0,111.11,0.0,37.0
BAN,Mehidy Hasan Miraz (BAN),bat,46,30,,0.02173913,0.6521,v New Zealand,Chennai,2023-10-13,,,,1,4.0,0.0,65.21,0.0,52.0
PAK,Saud Shakeel (PAK),bat,31,30,,0.032258065,0.9677,v Australia,Bengaluru,2023-10-20,,,,2,5.0,0.0,96.77,0.0,37.0
SL,DM de Silva (SL),bat,37,30,,0.027027027,0.8108,v Netherlands,Lucknow,2023-10-21,,,,2,1.0,2.0,81.08,0.0,57.0
ENG,JM Bairstow (ENG),bat,31,30,,0.032258065,0.9677,v Sri Lanka,Bengaluru,2023-10-26,,,,1,3.0,0.0,96.77,0.0,64.0
AFG,Rahmat Shah (AFG),bat,44,30,,0.022727273,0.6818,v Australia,Wankhede,2023-11-07,,,,1,1.0,0.0,68.18,0.0,61.0
IND,RA Jadeja (IND),bat,15,29,,0.0,1.9333,v South Africa,Eden Gardens,2023-11-05,,,,1,3.0,1.0,193.33,1.0,21.0
NED,SA Engelbrecht (NED),bat,34,29,,0.029411765,0.8529,v New Zealand,Hyderabad,2023-10-09,,,,2,3.0,0.0,85.29,0.0,55.0
SA,H Klaasen (SA),bat,27,29,,0.037037037,1.074,v Australia,Lucknow,2023-10-12,,,,1,3.0,0.0,107.4,0.0,40.0
NED,RE van der Merwe (NED),bat,19,29,,0.052631579,1.5263,v South Africa,Dharamsala,2023-10-17,,,,1,3.0,1.0,152.63,0.0,30.0
NED,CN Ackermann (NED),bat,31,29,,0.032258065,0.9354,v Sri Lanka,Lucknow,2023-10-21,,,,1,5.0,0.0,93.54,0.0,42.0
SA,DA Miller (SA),bat,33,29,,0.03030303,0.8787,v Pakistan,Chennai,2023-10-27,,,,2,2.0,2.0,87.87,0.0,55.0
SL,M Theekshana (SL),bat,31,29,,0.032258065,0.9354,v Afghanistan,Pune,2023-10-30,,,,1,3.0,1.0,93.54,0.0,31.0
NED,CN Ackermann (NED),bat,35,29,,0.028571429,0.8285,v Afghanistan,Lucknow,2023-11-03,,,,1,4.0,0.0,82.85,0.0,71.0
NZ,DJ Mitchell (NZ),bat,18,29,,0.055555556,1.6111,v Pakistan,Bengaluru,2023-11-04,,,,1,4.0,1.0,161.11,0.0,32.0
AUS,A Zampa (AUS),bat,19,29,,0.052631579,1.5263,v England,Ahmedabad,2023-11-04,,,,1,4.0,0.0,152.63,0.0,23.0
NED,LV van Beek (NED),bat,28,28,,0.0,1.0,v Pakistan,Hyderabad,2023-10-06,,,,2,3.0,1.0,100.0,1.0,36.0
AUS,MA Starc (AUS),bat,35,28,,0.028571429,0.8,v India,Chennai,2023-10-08,,,,1,2.0,1.0,80.0,0.0,58.0
AFG,Ibrahim Zadran (AFG),bat,48,28,,0.020833333,0.5833,v England,Delhi,2023-10-15,,,,1,3.0,0.0,58.33,0.0,73.0
AFG,Mujeeb Ur Rahman (AFG),bat,16,28,,0.0625,1.75,v England,Delhi,2023-10-15,,,,1,3.0,1.0,175.0,0.0,22.0
SA,H Klaasen (SA),bat,28,28,,0.035714286,1.0,v Netherlands,Dharamsala,2023-10-17,,,,2,4.0,0.0,100.0,0.0,36.0
ENG,DJ Malan (ENG),bat,25,28,,0.04,1.12,v Sri Lanka,Bengaluru,2023-10-26,,,,1,6.0,0.0,112.0,0.0,32.0
SA,T Bavuma (SA),bat,27,28,,0.037037037,1.037,v Pakistan,Chennai,2023-10-27,,,,2,4.0,1.0,103.7,0.0,49.0
NZ,DP Conway (NZ),bat,17,28,,0.058823529,1.647,v Australia,Dharamsala,2023-10-28,,,,2,6.0,0.0,164.7,0.0,35.0
ENG,JE Root (ENG),bat,35,28,,0.028571429,0.8,v Netherlands,Pune,2023-11-08,,,,1,1.0,0.0,80.0,0.0,53.0
AUS,M Labuschagne (AUS),bat,41,27,,0.024390244,0.6585,v India,Chennai,2023-10-08,,,,1,1.0,0.0,65.85,0.0,58.0
AUS,MA Starc (AUS),bat,51,27,,0.019607843,0.5294,v South Africa,Lucknow,2023-10-12,,,,2,3.0,0.0,52.94,0.0,69.0
AFG,Azmatullah Omarzai (AFG),bat,32,27,,0.03125,0.8437,v New Zealand,Chennai,2023-10-18,,,,2,2.0,0.0,84.37,0.0,39.0
IND,KL Rahul (IND),bat,35,27,,0.028571429,0.7714,v New Zealand,Dharamsala,2023-10-22,,,,2,3.0,0.0,77.14,0.0,43.0
ENG,LS Livingstone (ENG),bat,46,27,,0.02173913,0.5869,v India,Lucknow,2023-10-29,,,,2,2.0,0.0,58.69,0.0,56.0
PAK,Mohammad Rizwan (PAK),bat,21,26,,0.0,1.238,v Bangladesh,Eden Gardens,2023-10-31,,,,2,4.0,0.0,123.8,1.0,27.0
NZ,MJ Santner (NZ),bat,17,26,,0.0,1.5294,v Pakistan,Bengaluru,2023-11-04,,,,1,0.0,2.0,152.94,1.0,27.0
SA,HE van der Dussen (SA),bat,30,26,,0.033333333,0.8666,v Australia,Lucknow,2023-10-12,,,,1,2.0,0.0,86.66,0.0,33.0
SA,M Jansen (SA),bat,22,26,,0.045454545,1.1818,v Australia,Lucknow,2023-10-12,,,,1,3.0,1.0,118.18,0.0,25.0
PAK,Iftikhar Ahmed (PAK),bat,20,26,,0.05,1.3,v Australia,Bengaluru,2023-10-20,,,,2,0.0,3.0,130.0,0.0,22.0
IND,Shubman Gill (IND),bat,31,26,,0.032258065,0.8387,v New Zealand,Dharamsala,2023-10-22,,,,2,5.0,0.0,83.87,0.0,53.0
AFG,Hashmatullah Shahidi (AFG),bat,43,26,,0.023255814,0.6046,v Australia,Wankhede,2023-11-07,,,,1,2.0,0.0,60.46,0.0,50.0
AFG,Rahmat Shah (AFG),bat,46,26,,0.02173913,0.5652,v South Africa,Ahmedabad,2023-11-10,,,,1,2.0,0.0,56.52,0.0,58.0
AFG,Noor Ahmad (AFG),bat,32,26,,0.03125,0.8125,v South Africa,Ahmedabad,2023-11-10,,,,1,4.0,0.0,81.25,0.0,36.0
IND,SS Iyer (IND),bat,23,25,,0.0,1.0869,v Afghanistan,Delhi,2023-10-11,,,,2,1.0,1.0,108.69,1.0,31.0
NZ,MS Chapman (NZ),bat,12,25,,0.0,2.0833,v Afghanistan,Chennai,2023-10-18,,,,1,2.0,1.0,208.33,1.0,15.0
ENG,HC Brook (ENG),bat,16,25,,0.0625,1.5625,v New Zealand,Ahmedabad,2023-10-05,,,,1,4.0,1.0,156.25,0.0,20.0
SL,DM de Silva (SL),bat,34,25,,0.029411765,0.7352,v Pakistan,Hyderabad,2023-10-10,,,,1,3.0,0.0,73.52,0.0,47.0
SL,KIC Asalanka (SL),bat,39,25,,0.025641026,0.641,v Australia,Lucknow,2023-10-16,,,,1,0.0,1.0,64.1,0.0,75.0
PAK,Saud Shakeel (PAK),bat,34,25,,0.029411765,0.7352,v Afghanistan,Chennai,2023-10-23,,,,1,3.0,0.0,73.52,0.0,35.0
NED,Vikramjit Singh (NED),bat,25,25,,0.04,1.0,v Australia,Delhi,2023-10-25,,,,2,6.0,0.0,100.0,0.0,28.0
BAN,Mehidy Hasan Miraz (BAN),bat,30,25,,0.033333333,0.8333,v Pakistan,Eden Gardens,2023-10-31,,,,1,1.0,1.0,83.33,0.0,50.0
AFG,Rahmanullah Gurbaz (AFG),bat,22,25,,0.045454545,1.1363,v South Africa,Ahmedabad,2023-11-10,,,,1,3.0,1.0,113.63,0.0,45.0
SA,AK Markram (SA),bat,32,25,,0.03125,0.7812,v Afghanistan,Ahmedabad,2023-11-10,,,,2,1.0,1.0,78.12,0.0,32.0
PAK,Mohammad Nawaz (3) (PAK),bat,24,24,,0.041666667,1.0,v South Africa,Chennai,2023-10-27,,,,1,1.0,2.0,100.0,0.0,32.0
SA,Q de Kock (SA),bat,14,24,,0.071428571,1.7142,v Pakistan,Chennai,2023-10-27,,,,2,5.0,0.0,171.42,0.0,19.0
SA,T Bavuma (SA),bat,28,24,,0.035714286,0.8571,v New Zealand,Pune,2023-11-01,,,,1,4.0,1.0,85.71,0.0,37.0
NZ,DJ Mitchell (NZ),bat,30,24,,0.033333333,0.8,v South Africa,Pune,2023-11-01,,,,2,4.0,0.0,80.0,0.0,40.0
AUS,MR Marsh (AUS),bat,11,24,,0.090909091,2.1818,v Afghanistan,Wankhede,2023-11-07,,,,2,2.0,2.0,218.18,0.0,22.0
SA,DA Miller (SA),bat,33,24,,0.03030303,0.7272,v Afghanistan,Ahmedabad,2023-11-10,,,,2,1.0,1.0,72.72,0.0,35.0
NED,A Dutt (NED),bat,9,23,,0.0,2.5555,v South Africa,Dharamsala,2023-10-17,,,,1,0.0,3.0,255.55,1.0,14.0
NED,LV van Beek (NED),bat,16,23,,0.0,1.4375,v Bangladesh,Eden Gardens,2023-10-28,,,,1,2.0,1.0,143.75,1.0,33.0
SL,S Samarawickrama (SL),bat,19,23,,0.052631579,1.2105,v South Africa,Delhi,2023-10-07,,,,2,3.0,1.0,121.05,0.0,22.0
AFG,Rashid Khan (AFG),bat,22,23,,0.045454545,1.0454,v England,Delhi,2023-10-15,,,,1,3.0,0.0,104.54,0.0,37.0
NZ,GD Phillips (NZ),bat,26,23,,0.038461538,0.8846,v India,Dharamsala,2023-10-22,,,,1,0.0,1.0,88.46,0.0,36.0
SL,AD Mathews (SL),bat,26,23,,0.038461538,0.8846,v Afghanistan,Pune,2023-10-30,,,,1,1.0,1.0,88.46,0.0,61.0
IND,Shubman Gill (IND),bat,24,23,,0.041666667,0.9583,v South Africa,Eden Gardens,2023-11-05,,,,1,4.0,1.0,95.83,0.0,54.0
BAN,Litton Das (BAN),bat,22,23,,0.045454545,1.0454,v Sri Lanka,Delhi,2023-11-06,,,,2,2.0,2.0,104.54,0.0,36.0
SA,T Bavuma (SA),bat,28,23,,0.035714286,0.8214,v Afghanistan,Ahmedabad,2023-11-10,,,,2,3.0,0.0,82.14,0.0,49.0
PAK,Iftikhar Ahmed (PAK),bat,10,22,,0.0,2.2,v Sri Lanka,Hyderabad,2023-10-10,,,,2,4.0,0.0,220.0,1.0,18.0
AFG,Ibrahim Zadran (AFG),bat,25,22,,0.04,0.88,v Bangladesh,Dharamsala,2023-10-07,,,,1,3.0,1.0,88.0,0.0,41.0
AFG,Azmatullah Omarzai (AFG),bat,20,22,,0.05,1.1,v Bangladesh,Dharamsala,2023-10-07,,,,1,4.0,0.0,110.0,0.0,32.0
AFG,Ibrahim Zadran (AFG),bat,28,22,,0.035714286,0.7857,v India,Delhi,2023-10-11,,,,1,4.0,0.0,78.57,0.0,31.0
AUS,PJ Cummins (AUS),bat,21,22,,0.047619048,1.0476,v South Africa,Lucknow,2023-10-12,,,,2,4.0,0.0,104.76,0.0,29.0
SA,G Coetzee (SA),bat,23,22,,0.043478261,0.9565,v Netherlands,Dharamsala,2023-10-17,,,,2,2.0,1.0,95.65,0.0,33.0
BAN,Litton Das (BAN),bat,44,22,,0.022727273,0.5,v South Africa,Wankhede,2023-10-24,,,,2,3.0,1.0,50.0,0.0,78.0
SL,KIC Asalanka (SL),bat,28,22,,0.035714286,0.7857,v Afghanistan,Pune,2023-10-30,,,,1,2.0,0.0,78.57,0.0,48.0
IND,SA Yadav (IND),bat,14,22,,0.071428571,1.5714,v South Africa,Eden Gardens,2023-11-05,,,,1,5.0,0.0,157.14,0.0,19.0
BAN,Mahmudullah (BAN),bat,23,22,,0.043478261,0.9565,v Sri Lanka,Delhi,2023-11-06,,,,2,3.0,1.0,95.65,0.0,37.0
AFG,Azmatullah Omarzai (AFG),bat,18,22,,0.055555556,1.2222,v Australia,Wankhede,2023-11-07,,,,1,1.0,2.0,122.22,0.0,23.0
NED,AT Nidamanuru (NED),bat,26,21,,0.038461538,0.8076,v New Zealand,Hyderabad,2023-10-09,,,,2,2.0,1.0,80.76,0.0,28.0
AFG,Rahmanullah Gurbaz (AFG),bat,28,21,,0.035714286,0.75,v India,Delhi,2023-10-11,,,,1,3.0,1.0,75.0,0.0,65.0
AUS,MP Stoinis (AUS),bat,24,21,,0.041666667,0.875,v Pakistan,Bengaluru,2023-10-20,,,,1,1.0,1.0,87.5,0.0,46.0
PAK,Iftikhar Ahmed (PAK),bat,31,21,,0.032258065,0.6774,v South Africa,Chennai,2023-10-27,,,,1,1.0,1.0,67.74,0.0,38.0
SA,HE van der Dussen (SA),bat,39,21,,0.025641026,0.5384,v Pakistan,Chennai,2023-10-27,,,,2,0.0,0.0,53.84,0.0,71.0
NZ,TWM Latham (NZ),bat,22,21,,0.045454545,0.9545,v Australia,Dharamsala,2023-10-28,,,,2,2.0,0.0,95.45,0.0,29.0
IND,KL Rahul (IND),bat,19,21,,0.052631579,1.1052,v Sri Lanka,Wankhede,2023-11-02,,,,1,2.0,0.0,110.52,0.0,34.0
SL,M Theekshana (SL),bat,31,21,,0.032258065,0.6774,v Bangladesh,Delhi,2023-11-06,,,,1,3.0,0.0,67.74,0.0,35.0
AFG,Rahmanullah Gurbaz (AFG),bat,25,21,,0.04,0.84,v Australia,Wankhede,2023-11-07,,,,1,2.0,0.0,84.0,0.0,38.0
AUS,MP Stoinis (AUS),bat,10,20,,0.0,2.0,v Sri Lanka,Lucknow,2023-10-16,,,,2,2.0,1.0,200.0,1.0,10.0
ENG,LS Livingstone (ENG),bat,22,20,,0.045454545,0.909,v New Zealand,Ahmedabad,2023-10-05,,,,1,3.0,0.0,90.9,0.0,23.0
ENG,JC Buttler (ENG),bat,10,20,,0.1,2.0,v Bangladesh,Dharamsala,2023-10-10,,,,1,1.0,1.0,200.0,0.0,11.0
ENG,HC Brook (ENG),bat,15,20,,0.066666667,1.3333,v Bangladesh,Dharamsala,2023-10-10,,,,1,3.0,0.0,133.33,0.0,23.0
PAK,Abdullah Shafique (PAK),bat,24,20,,0.041666667,0.8333,v India,Ahmedabad,2023-10-14,,,,1,3.0,0.0,83.33,0.0,39.0
ENG,AU Rashid (ENG),bat,13,20,,0.076923077,1.5384,v Afghanistan,Delhi,2023-10-15,,,,2,2.0,0.0,153.84,0.0,24.0
NED,AT Nidamanuru (NED),bat,25,20,,0.04,0.8,v South Africa,Dharamsala,2023-10-17,,,,1,3.0,0.0,80.0,0.0,56.0
SA,Q de Kock (SA),bat,22,20,,0.045454545,0.909,v Netherlands,Dharamsala,2023-10-17,,,,2,3.0,0.0,90.9,0.0,28.0
NZ,DP Conway (NZ),bat,18,20,,0.055555556,1.1111,v Afghanistan,Chennai,2023-10-18,,,,1,3.0,0.0,111.11,0.0,27.0
SA,M Jansen (SA),bat,14,20,,0.071428571,1.4285,v Pakistan,Chennai,2023-10-27,,,,2,2.0,1.0,142.85,0.0,18.0
BAN,Mahmudullah (BAN),bat,41,20,,0.024390244,0.4878,v Netherlands,Eden Gardens,2023-10-28,,,,2,2.0,0.0,48.78,0.0,70.0
BAN,Mustafizur Rahman (BAN),bat,35,20,,0.028571429,0.5714,v Netherlands,Eden Gardens,2023-10-28,,,,2,2.0,1.0,57.14,0.0,34.0
AFG,Ibrahim Zadran (AFG),bat,34,20,,0.029411765,0.5882,v Netherlands,Lucknow,2023-11-03,,,,2,2.0,0.0,58.82,0.0,44.0
ENG,AU Rashid (ENG),bat,15,20,,0.066666667,1.3333,v Australia,Ahmedabad,2023-11-04,,,,2,1.0,1.0,133.33,0.0,23.0
IND,KL Rahul (IND),bat,29,19,,0.0,0.6551,v Pakistan,Ahmedabad,2023-10-14,,,,2,2.0,0.0,65.51,1.0,33.0
AFG,Ikram Alikhil (AFG),bat,21,19,,0.0,0.9047,v New Zealand,Chennai,2023-10-18,,,,2,3.0,0.0,90.47,1.0,42.0
AFG,Mohammad Nabi (AFG),bat,27,19,,0.037037037,0.7037,v India,Delhi,2023-10-11,,,,1,1.0,0.0,70.37,0.0,52.0
AUS,SPD Smith (AUS),bat,16,19,,0.0625,1.1875,v South Africa,Lucknow,2023-10-12,,,,2,4.0,0.0,118.75,0.0,20.0
AFG,Azmatullah Omarzai (AFG),bat,24,19,,0.041666667,0.7916,v England,Delhi,2023-10-15,,,,1,1.0,1.0,79.16,0.0,25.0
NED,SA Engelbrecht (NED),bat,37,19,,0.027027027,0.5135,v South Africa,Dharamsala,2023-10-17,,,,1,1.0,1.0,51.35,0.0,41.0
IND,SS Iyer (IND),bat,25,19,,0.04,0.76,v Bangladesh,Pune,2023-10-19,,,,2,2.0,0.0,76.0,0.0,38.0
BAN,Nasum Ahmed (BAN),bat,19,19,,0.052631579,1.0,v South Africa,Wankhede,2023-10-24,,,,2,3.0,0.0,100.0,0.0,27.0
SL,BKG Mendis (SL),bat,30,19,,0.033333333,0.6333,v Bangladesh,Delhi,2023-11-06,,,,1,1.0,1.0,63.33,0.0,49.0
SL,DM de Silva (SL),bat,24,19,,0.041666667,0.7916,v New Zealand,Bengaluru,2023-11-09,,,,1,2.0,1.0,79.16,0.0,36.0
SL,D Madushanka (SL),bat,48,19,,0.020833333,0.3958,v New Zealand,Bengaluru,2023-11-09,,,,1,2.0,0.0,39.58,0.0,56.0
AFG,Rahmat Shah (AFG),bat,25,18,,0.04,0.72,v Bangladesh,Dharamsala,2023-10-07,,,,1,1.0,0.0,72.0,0.0,30.0
AFG,Hashmatullah Shahidi (AFG),bat,38,18,,0.026315789,0.4736,v Bangladesh,Dharamsala,2023-10-07,,,,1,2.0,0.0,47.36,0.0,34.0
NED,BFW de Leede (NED),bat,25,18,,0.04,0.72,v New Zealand,Hyderabad,2023-10-09,,,,2,3.0,0.0,72.0,0.0,21.0
ENG,MA Wood (ENG),bat,22,18,,0.045454545,0.8181,v Afghanistan,Delhi,2023-10-15,,,,2,3.0,0.0,81.81,0.0,26.0
NED,MP O'Dowd (NED),bat,25,18,,0.04,0.72,v South Africa,Dharamsala,2023-10-17,,,,1,4.0,0.0,72.0,0.0,33.0
PAK,Babar Azam (PAK),bat,14,18,,0.071428571,1.2857,v Australia,Bengaluru,2023-10-20,,,,2,3.0,0.0,128.57,0.0,27.0
AUS,SPD Smith (AUS),bat,17,18,,0.058823529,1.0588,v New Zealand,Dharamsala,2023-10-28,,,,1,2.0,0.0,105.88,0.0,19.0
AUS,M Labuschagne (AUS),bat,26,18,,0.038461538,0.6923,v New Zealand,Dharamsala,2023-10-28,,,,1,2.0,0.0,69.23,0.0,36.0
AUS,DA Warner (AUS),bat,29,18,,0.034482759,0.6206,v Afghanistan,Wankhede,2023-11-07,,,,2,3.0,0.0,62.06,0.0,46.0
PAK,Iftikhar Ahmed (PAK),bat,15,17,,0.0,1.1333,v Bangladesh,Eden Gardens,2023-10-31,,,,2,2.0,0.0,113.33,1.0,17.0
NZ,GD Phillips (NZ),bat,10,17,,0.0,1.7,v Sri Lanka,Bengaluru,2023-11-09,,,,2,3.0,0.0,170.0,1.0,15.0
NED,CN Ackermann (NED),bat,21,17,,0.047619048,0.8095,v Pakistan,Hyderabad,2023-10-06,,,,2,3.0,0.0,80.95,0.0,24.0
SA,DA Miller (SA),bat,13,17,,0.076923077,1.3076,v Australia,Lucknow,2023-10-12,,,,1,1.0,1.0,130.76,0.0,35.0
BAN,Taskin Ahmed (BAN),bat,19,17,,0.052631579,0.8947,v New Zealand,Chennai,2023-10-13,,,,1,0.0,2.0,89.47,0.0,25.0
ENG,HC Brook (ENG),bat,25,17,,0.04,0.68,v South Africa,Wankhede,2023-10-21,,,,2,2.0,1.0,68.0,0.0,33.0
NZ,WA Young (NZ),bat,27,17,,0.037037037,0.6296,v India,Dharamsala,2023-10-22,,,,1,3.0,0.0,62.96,0.0,41.0
PAK,Imam-ul-Haq (PAK),bat,22,17,,0.045454545,0.7727,v Afghanistan,Chennai,2023-10-23,,,,1,2.0,0.0,77.27,0.0,44.0
NZ,MJ Santner (NZ),bat,12,17,,0.083333333,1.4166,v Australia,Dharamsala,2023-10-28,,,,2,1.0,1.0,141.66,0.0,13.0
NED,BFW de Leede (NED),bat,32,17,,0.03125,0.5312,v Bangladesh,Eden Gardens,2023-10-28,,,,1,2.0,0.0,53.12,0.0,49.0
BAN,Mahedi Hasan (BAN),bat,38,17,,0.026315789,0.4473,v Netherlands,Eden Gardens,2023-10-28,,,,2,1.0,0.0,44.73,0.0,51.0
NZ,GD Phillips (NZ),bat,11,16,,0.0,1.4545,v Bangladesh,Chennai,2023-10-13,,,,2,1.0,1.0,145.45,1.0,22.0
ENG,DJ Willey (ENG),bat,17,16,,0.0,0.9411,v India,Lucknow,2023-10-29,,,,2,0.0,2.0,94.11,1.0,29.0
PAK,Haris Rauf (PAK),bat,14,16,,0.071428571,1.1428,v Netherlands,Hyderabad,2023-10-06,,,,1,2.0,1.0,114.28,0.0,10.0
NED,MP O'Dowd (NED),bat,31,16,,0.032258065,0.5161,v New Zealand,Hyderabad,2023-10-09,,,,2,2.0,0.0,51.61,0.0,40.0
AFG,Rahmat Shah (AFG),bat,22,16,,0.045454545,0.7272,v India,Delhi,2023-10-11,,,,1,3.0,0.0,72.72,0.0,37.0
AFG,Rashid Khan (AFG),bat,12,16,,0.083333333,1.3333,v India,Delhi,2023-10-11,,,,1,1.0,1.0,133.33,0.0,18.0
BAN,Tanzid Hasan (BAN),bat,17,16,,0.058823529,0.9411,v New Zealand,Chennai,2023-10-13,,,,1,4.0,0.0,94.11,0.0,37.0
IND,Shubman Gill (IND),bat,11,16,,0.090909091,1.4545,v Pakistan,Ahmedabad,2023-10-14,,,,2,4.0,0.0,145.45,0.0,11.0
IND,V Kohli (IND),bat,18,16,,0.055555556,0.8888,v Pakistan,Ahmedabad,2023-10-14,,,,2,3.0,0.0,88.88,0.0,31.0
SA,T Bavuma (SA),bat,31,16,,0.032258065,0.5161,v Netherlands,Dharamsala,2023-10-17,,,,2,2.0,1.0,51.61,0.0,35.0
BAN,Towhid Hridoy (BAN),bat,35,16,,0.028571429,0.4571,v India,Pune,2023-10-19,,,,1,0.0,0.0,45.71,0.0,54.0
NED,MP O'Dowd (NED),bat,27,16,,0.037037037,0.5925,v Sri Lanka,Lucknow,2023-10-21,,,,1,1.0,1.0,59.25,0.0,50.0
NED,SA Edwards (NED),bat,16,16,,0.0625,1.0,v Sri Lanka,Lucknow,2023-10-21,,,,1,0.0,0.0,100.0,0.0,22.0
IND,JJ Bumrah (IND),bat,25,16,,0.04,0.64,v England,Lucknow,2023-10-29,,,,1,1.0,0.0,64.0,0.0,44.0
ENG,DJ Malan (ENG),bat,17,16,,0.058823529,0.9411,v India,Lucknow,2023-10-29,,,,2,2.0,1.0,94.11,0.0,25.0
SL,AD Mathews (SL),bat,27,16,,0.037037037,0.5925,v New Zealand,Bengaluru,2023-11-09,,,,1,2.0,0.0,59.25,0.0,33.0
ENG,AU Rashid (ENG),bat,13,15,,0.0,1.1538,v New Zealand,Ahmedabad,2023-10-05,,,,1,0.0,1.0,115.38,1.0,23.0
ENG,RJW Topley (ENG),bat,7,15,,0.0,2.1428,v Afghanistan,Delhi,2023-10-15,,,,2,3.0,0.0,214.28,1.0,8.0
SA,H Klaasen (SA),bat,7,15,,0.0,2.1428,v New Zealand,Pune,2023-11-01,,,,1,1.0,1.0,214.28,1.0,13.0
BAN,Towhid Hridoy (BAN),bat,7,15,,0.0,2.1428,v Sri Lanka,Delhi,2023-11-06,,,,2,0.0,2.0,214.28,1.0,22.0
PAK,Imam-ul-Haq (PAK),bat,19,15,,0.052631579,0.7894,v Netherlands,Hyderabad,2023-10-06,,,,1,2.0,0.0,78.94,0.0,40.0
AUS,GJ Maxwell (AUS),bat,25,15,,0.04,0.6,v India,Chennai,2023-10-08,,,,1,1.0,0.0,60.0,0.0,44.0
AUS,PJ Cummins (AUS),bat,24,15,,0.041666667,0.625,v India,Chennai,2023-10-08,,,,1,1.0,1.0,62.5,0.0,26.0
BAN,Taskin Ahmed (BAN),bat,25,15,,0.04,0.6,v England,Dharamsala,2023-10-10,,,,2,0.0,1.0,60.0,0.0,35.0
ENG,JC Buttler (ENG),bat,7,15,,0.142857143,2.1428,v South Africa,Wankhede,2023-10-21,,,,2,2.0,1.0,214.28,0.0,14.0
BAN,Hasan Mahmud (BAN),bat,25,15,,0.04,0.6,v South Africa,Wankhede,2023-10-24,,,,2,2.0,0.0,60.0,0.0,32.0
ENG,MM Ali (ENG),bat,15,15,,0.066666667,1.0,v Sri Lanka,Bengaluru,2023-10-26,,,,1,1.0,0.0,100.0,0.0,33.0
NED,CN Ackermann (NED),bat,33,15,,0.03030303,0.4545,v Bangladesh,Eden Gardens,2023-10-28,,,,1,1.0,0.0,45.45,0.0,50.0
BAN,Tanzid Hasan (BAN),bat,16,15,,0.0625,0.9375,v Netherlands,Eden Gardens,2023-10-28,,,,2,3.0,0.0,93.75,0.0,25.0
ENG,MM Ali (ENG),bat,31,15,,0.032258065,0.4838,v India,Lucknow,2023-10-29,,,,2,0.0,0.0,48.38,0.0,55.0
SL,FDM Karunaratne (SL),bat,21,15,,0.047619048,0.7142,v Afghanistan,Pune,2023-10-30,,,,1,1.0,0.0,71.42,0.0,25.0
AUS,DA Warner (AUS),bat,16,15,,0.0625,0.9375,v England,Ahmedabad,2023-11-04,,,,1,1.0,1.0,93.75,0.0,29.0
ENG,DJ Willey (ENG),bat,14,15,,0.071428571,1.0714,v Australia,Ahmedabad,2023-11-04,,,,2,3.0,0.0,107.14,0.0,19.0
ENG,JM Bairstow (ENG),bat,17,15,,0.058823529,0.8823,v Netherlands,Pune,2023-11-08,,,,1,2.0,0.0,88.23,0.0,29.0
AFG,Ibrahim Zadran (AFG),bat,30,15,,0.033333333,0.5,v South Africa,Ahmedabad,2023-11-10,,,,1,3.0,0.0,50.0,0.0,52.0
ENG,DJ Willey (ENG),bat,17,14,,0.0,0.8235,v Sri Lanka,Bengaluru,2023-10-26,,,,1,1.0,1.0,82.35,1.0,34.0
ENG,DJ Malan (ENG),bat,24,14,,0.041666667,0.5833,v New Zealand,Ahmedabad,2023-10-05,,,,1,2.0,0.0,58.33,0.0,36.0
ENG,SM Curran (ENG),bat,19,14,,0.052631579,0.7368,v New Zealand,Ahmedabad,2023-10-05,,,,1,0.0,0.0,73.68,0.0,30.0
BAN,Shakib Al Hasan (BAN),bat,19,14,,0.052631579,0.7368,v Afghanistan,Dharamsala,2023-10-07,,,,2,2.0,0.0,73.68,0.0,24.0
ENG,CR Woakes (ENG),bat,11,14,,0.090909091,1.2727,v Bangladesh,Dharamsala,2023-10-10,,,,1,2.0,0.0,127.27,0.0,21.0
BAN,Mahedi Hasan (BAN),bat,32,14,,0.03125,0.4375,v England,Dharamsala,2023-10-10,,,,2,1.0,0.0,43.75,0.0,39.0
AFG,Hashmatullah Shahidi (AFG),bat,36,14,,0.027777778,0.3888,v England,Delhi,2023-10-15,,,,1,0.0,0.0,38.88,0.0,46.0
AFG,Ibrahim Zadran (AFG),bat,15,14,,0.066666667,0.9333,v New Zealand,Chennai,2023-10-18,,,,2,2.0,0.0,93.33,0.0,27.0
BAN,Nasum Ahmed (BAN),bat,18,14,,0.055555556,0.7777,v India,Pune,2023-10-19,,,,1,2.0,0.0,77.77,0.0,21.0
PAK,Mohammad Nawaz (3) (PAK),bat,16,14,,0.0625,0.875,v Australia,Bengaluru,2023-10-20,,,,2,0.0,1.0,87.5,0.0,19.0
AUS,JP Inglis (AUS),bat,12,14,,0.083333333,1.1666,v Netherlands,Delhi,2023-10-25,,,,1,1.0,1.0,116.66,0.0,12.0
NED,AT Nidamanuru (NED),bat,18,14,,0.055555556,0.7777,v Australia,Delhi,2023-10-25,,,,2,2.0,0.0,77.77,0.0,19.0
ENG,JM Bairstow (ENG),bat,23,14,,0.043478261,0.6086,v India,Lucknow,2023-10-29,,,,2,2.0,0.0,60.86,0.0,53.0
SL,DM de Silva (SL),bat,26,14,,0.038461538,0.5384,v Afghanistan,Pune,2023-10-30,,,,1,1.0,0.0,53.84,0.0,24.0
SL,CAK Rajitha (SL),bat,17,14,,0.058823529,0.8235,v India,Wankhede,2023-11-02,,,,2,2.0,0.0,82.35,0.0,20.0
SA,M Jansen (SA),bat,30,14,,0.033333333,0.4666,v India,Eden Gardens,2023-11-05,,,,2,1.0,0.0,46.66,0.0,45.0
AUS,M Labuschagne (AUS),bat,28,14,,0.035714286,0.5,v Afghanistan,Wankhede,2023-11-07,,,,2,2.0,0.0,50.0,0.0,53.0
NZ,KS Williamson (NZ),bat,15,14,,0.066666667,0.9333,v Sri Lanka,Bengaluru,2023-11-09,,,,2,2.0,0.0,93.33,0.0,26.0
AFG,Rashid Khan (AFG),bat,30,14,,0.033333333,0.4666,v South Africa,Ahmedabad,2023-11-10,,,,1,0.0,0.0,46.66,0.0,42.0
ENG,MA Wood (ENG),bat,14,13,,0.0,0.9285,v New Zealand,Ahmedabad,2023-10-05,,,,1,0.0,0.0,92.85,1.0,19.0
PAK,Shaheen Shah Afridi (PAK),bat,12,13,,0.0,1.0833,v Netherlands,Hyderabad,2023-10-06,,,,1,2.0,0.0,108.33,1.0,23.0
BAN,Litton Das (BAN),bat,18,13,,0.055555556,0.7222,v Afghanistan,Dharamsala,2023-10-07,,,,2,2.0,0.0,72.22,0.0,29.0
AUS,DA Warner (AUS),bat,27,13,,0.037037037,0.4814,v South Africa,Lucknow,2023-10-12,,,,2,2.0,0.0,48.14,0.0,33.0
BAN,Towhid Hridoy (BAN),bat,25,13,,0.04,0.52,v New Zealand,Chennai,2023-10-13,,,,1,0.0,0.0,52.0,0.0,30.0
AUS,JP Inglis (AUS),bat,9,13,,0.111111111,1.4444,v Pakistan,Bengaluru,2023-10-20,,,,1,3.0,0.0,144.44,0.0,10.0
ENG,AU Rashid (ENG),bat,20,13,,0.05,0.65,v India,Lucknow,2023-10-29,,,,2,2.0,0.0,65.0,0.0,19.0
ENG,JE Root (ENG),bat,17,13,,0.058823529,0.7647,v Australia,Ahmedabad,2023-11-04,,,,2,2.0,0.0,76.47,0.0,23.0
SA,HE van der Dussen (SA),bat,32,13,,0.03125,0.4062,v India,Eden Gardens,2023-11-05,,,,2,1.0,0.0,40.62,0.0,55.0
SA,M Jansen (SA),bat,7,12,,0.0,1.7142,v Sri Lanka,Delhi,2023-10-07,,,,1,0.0,1.0,171.42,1.0,15.0
AUS,PJ Cummins (AUS),bat,9,12,,0.0,1.3333,v Netherlands,Delhi,2023-10-25,,,,1,2.0,0.0,133.33,1.0,39.0
NED,SA Edwards (NED),bat,22,12,,0.0,0.5454,v Australia,Delhi,2023-10-25,,,,2,0.0,0.0,54.54,1.0,53.0
SL,M Theekshana (SL),bat,23,12,,0.0,0.5217,v India,Wankhede,2023-11-02,,,,2,2.0,0.0,52.17,1.0,37.0
AUS,PJ Cummins (AUS),bat,68,12,,0.0,0.1764,v Afghanistan,Wankhede,2023-11-07,,,,2,1.0,0.0,17.64,1.0,122.0
PAK,Fakhar Zaman (PAK),bat,15,12,,0.066666667,0.8,v Netherlands,Hyderabad,2023-10-06,,,,1,3.0,0.0,80.0,0.0,14.0
NED,Vikramjit Singh (NED),bat,20,12,,0.05,0.6,v New Zealand,Hyderabad,2023-10-09,,,,2,1.0,0.0,60.0,0.0,22.0
BAN,Shoriful Islam (BAN),bat,14,12,,0.071428571,0.8571,v England,Dharamsala,2023-10-10,,,,2,2.0,0.0,85.71,0.0,17.0
SL,MD Shanaka (SL),bat,18,12,,0.055555556,0.6666,v Pakistan,Hyderabad,2023-10-10,,,,1,0.0,0.0,66.66,0.0,23.0
PAK,Imam-ul-Haq (PAK),bat,12,12,,0.083333333,1.0,v Sri Lanka,Hyderabad,2023-10-10,,,,2,1.0,0.0,100.0,0.0,15.0
PAK,Hasan Ali (PAK),bat,19,12,,0.052631579,0.6315,v India,Ahmedabad,2023-10-14,,,,1,2.0,0.0,63.15,0.0,21.0
NED,CN Ackermann (NED),bat,25,12,,0.04,0.48,v South Africa,Dharamsala,2023-10-17,,,,1,1.0,0.0,48.0,0.0,40.0
ENG,DJ Willey (ENG),bat,12,12,,0.083333333,1.0,v South Africa,Wankhede,2023-10-21,,,,2,1.0,1.0,100.0,0.0,24.0
SA,RR Hendricks (SA),bat,19,12,,0.052631579,0.6315,v Bangladesh,Wankhede,2023-10-24,,,,1,1.0,0.0,63.15,0.0,24.0
BAN,Tanzid Hasan (BAN),bat,17,12,,0.058823529,0.7058,v South Africa,Wankhede,2023-10-24,,,,2,1.0,0.0,70.58,0.0,30.0
PAK,Imam-ul-Haq (PAK),bat,18,12,,0.055555556,0.6666,v South Africa,Chennai,2023-10-27,,,,1,2.0,0.0,66.66,0.0,35.0
SA,H Klaasen (SA),bat,10,12,,0.1,1.2,v Pakistan,Chennai,2023-10-27,,,,2,0.0,1.0,120.0,0.0,12.0
NZ,GD Phillips (NZ),bat,16,12,,0.0625,0.75,v Australia,Dharamsala,2023-10-28,,,,2,1.0,0.0,75.0,0.0,21.0
IND,SA Yadav (IND),bat,9,12,,0.111111111,1.3333,v Sri Lanka,Wankhede,2023-11-02,,,,1,2.0,0.0,133.33,0.0,13.0
SL,AD Mathews (SL),bat,25,12,,0.04,0.48,v India,Wankhede,2023-11-02,,,,2,1.0,0.0,48.0,0.0,55.0
AFG,Mohammad Nabi (AFG),bat,10,12,,0.1,1.2,v Australia,Wankhede,2023-11-07,,,,1,0.0,1.0,120.0,0.0,15.0
AFG,Ikram Alikhil (AFG),bat,14,12,,0.071428571,0.8571,v South Africa,Ahmedabad,2023-11-10,,,,1,1.0,1.0,85.71,0.0,16.0
IND,HH Pandya (IND),bat,8,11,,0.0,1.375,v Australia,Chennai,2023-10-08,,,,2,0.0,1.0,137.5,1.0,17.0
AUS,A Zampa (AUS),bat,16,11,,0.0,0.6875,v South Africa,Lucknow,2023-10-12,,,,2,1.0,0.0,68.75,1.0,25.0
ENG,MM Ali (ENG),bat,17,11,,0.058823529,0.647,v New Zealand,Ahmedabad,2023-10-05,,,,1,1.0,0.0,64.7,0.0,20.0
ENG,CR Woakes (ENG),bat,12,11,,0.083333333,0.9166,v New Zealand,Ahmedabad,2023-10-05,,,,1,1.0,0.0,91.66,0.0,15.0
SL,DM de Silva (SL),bat,14,11,,0.071428571,0.7857,v South Africa,Delhi,2023-10-07,,,,2,1.0,0.0,78.57,0.0,28.0
NED,A Dutt (NED),bat,20,11,,0.05,0.55,v New Zealand,Hyderabad,2023-10-09,,,,2,0.0,1.0,55.0,0.0,19.0
ENG,SM Curran (ENG),bat,15,11,,0.066666667,0.7333,v Bangladesh,Dharamsala,2023-10-10,,,,1,1.0,0.0,73.33,0.0,20.0
ENG,AU Rashid (ENG),bat,7,11,,0.142857143,1.5714,v Bangladesh,Dharamsala,2023-10-10,,,,1,1.0,0.0,157.14,0.0,8.0
ENG,JE Root (ENG),bat,17,11,,0.058823529,0.647,v Afghanistan,Delhi,2023-10-15,,,,2,2.0,0.0,64.7,0.0,23.0
AUS,DA Warner (AUS),bat,6,11,,0.166666667,1.8333,v Sri Lanka,Lucknow,2023-10-16,,,,2,0.0,1.0,183.33,0.0,16.0
AFG,Rahmanullah Gurbaz (AFG),bat,21,11,,0.047619048,0.5238,v New Zealand,Chennai,2023-10-18,,,,2,0.0,1.0,52.38,0.0,24.0
SL,BKG Mendis (SL),bat,17,11,,0.058823529,0.647,v Netherlands,Lucknow,2023-10-21,,,,2,2.0,0.0,64.7,0.0,22.0
BAN,Mehidy Hasan Miraz (BAN),bat,19,11,,0.052631579,0.5789,v South Africa,Wankhede,2023-10-24,,,,2,1.0,0.0,57.89,0.0,26.0
BAN,Mustafizur Rahman (BAN),bat,21,11,,0.047619048,0.5238,v South Africa,Wankhede,2023-10-24,,,,2,2.0,0.0,52.38,0.0,51.0
NED,SA Engelbrecht (NED),bat,21,11,,0.047619048,0.5238,v Australia,Delhi,2023-10-25,,,,2,1.0,0.0,52.38,0.0,36.0
SL,BKG Mendis (SL),bat,12,11,,0.083333333,0.9166,v England,Bengaluru,2023-10-26,,,,2,2.0,0.0,91.66,0.0,15.0
BAN,Taskin Ahmed (BAN),bat,35,11,,0.028571429,0.3142,v Netherlands,Eden Gardens,2023-10-28,,,,2,1.0,0.0,31.42,0.0,49.0
NED,RE van der Merwe (NED),bat,33,11,,0.03030303,0.3333,v Afghanistan,Lucknow,2023-11-03,,,,1,0.0,0.0,33.33,0.0,36.0
AUS,TM Head (AUS),bat,10,11,,0.1,1.1,v England,Ahmedabad,2023-11-04,,,,1,1.0,0.0,110.0,0.0,8.0
SA,T Bavuma (SA),bat,19,11,,0.052631579,0.5789,v India,Eden Gardens,2023-11-05,,,,2,1.0,0.0,57.89,0.0,39.0
SA,DA Miller (SA),bat,11,11,,0.090909091,1.0,v India,Eden Gardens,2023-11-05,,,,2,2.0,0.0,100.0,0.0,17.0
ENG,HC Brook (ENG),bat,16,11,,0.0625,0.6875,v Netherlands,Pune,2023-11-08,,,,1,2.0,0.0,68.75,0.0,19.0
NZ,MJ Henry (NZ),bat,4,10,,0.0,2.5,v Netherlands,Hyderabad,2023-10-09,,,,1,0.0,1.0,250.0,1.0,6.0
AFG,Mujeeb Ur Rahman (AFG),bat,12,10,,0.0,0.8333,v India,Delhi,2023-10-11,,,,1,2.0,0.0,83.33,1.0,22.0
NZ,TA Boult (NZ),bat,8,10,,0.0,1.25,v Australia,Dharamsala,2023-10-28,,,,2,0.0,1.0,125.0,1.0,21.0
NED,A Dutt (NED),bat,22,10,,0.0,0.4545,v Afghanistan,Lucknow,2023-11-03,,,,1,0.0,0.0,45.45,1.0,42.0
NED,Saqib Zulfiqar (NED),bat,18,10,,0.055555556,0.5555,v Pakistan,Hyderabad,2023-10-06,,,,2,1.0,0.0,55.55,0.0,24.0
SL,DN Wellalage (SL),bat,8,10,,0.125,1.25,v Pakistan,Hyderabad,2023-10-10,,,,1,1.0,0.0,125.0,0.0,18.0
PAK,Babar Azam (PAK),bat,15,10,,0.066666667,0.6666,v Sri Lanka,Hyderabad,2023-10-10,,,,2,1.0,0.0,66.66,0.0,17.0
ENG,LS Livingstone (ENG),bat,14,10,,0.071428571,0.7142,v Afghanistan,Delhi,2023-10-15,,,,2,1.0,0.0,71.42,0.0,15.0
ENG,SM Curran (ENG),bat,23,10,,0.043478261,0.4347,v Afghanistan,Delhi,2023-10-15,,,,2,0.0,0.0,43.47,0.0,22.0
NED,LV van Beek (NED),bat,27,10,,0.037037037,0.3703,v South Africa,Dharamsala,2023-10-17,,,,1,1.0,0.0,37.03,0.0,22.0
PAK,Shaheen Shah Afridi (PAK),bat,8,10,,0.125,1.25,v Australia,Bengaluru,2023-10-20,,,,2,2.0,0.0,125.0,0.0,17.0
ENG,JM Bairstow (ENG),bat,12,10,,0.083333333,0.8333,v South Africa,Wankhede,2023-10-21,,,,2,1.0,1.0,83.33,0.0,13.0
ENG,AU Rashid (ENG),bat,14,10,,0.071428571,0.7142,v South Africa,Wankhede,2023-10-21,,,,2,1.0,0.0,71.42,0.0,14.0
NED,CN Ackermann (NED),bat,11,10,,0.090909091,0.909,v Australia,Delhi,2023-10-25,,,,2,2.0,0.0,90.9,0.0,21.0
SA,G Coetzee (SA),bat,13,10,,0.076923077,0.7692,v Pakistan,Chennai,2023-10-27,,,,2,0.0,0.0,76.92,0.0,23.0
ENG,JC Buttler (ENG),bat,23,10,,0.043478261,0.4347,v India,Lucknow,2023-10-29,,,,2,1.0,0.0,43.47,0.0,33.0
ENG,CR Woakes (ENG),bat,20,10,,0.05,0.5,v India,Lucknow,2023-10-29,,,,2,1.0,0.0,50.0,0.0,21.0
AFG,Rahmanullah Gurbaz (AFG),bat,11,10,,0.090909091,0.909,v Netherlands,Lucknow,2023-11-03,,,,2,2.0,0.0,90.9,0.0,24.0
AUS,PJ Cummins (AUS),bat,13,10,,0.076923077,0.7692,v England,Ahmedabad,2023-11-04,,,,1,1.0,0.0,76.92,0.0,17.0
AUS,MA Starc (AUS),bat,13,10,,0.076923077,0.7692,v England,Ahmedabad,2023-11-04,,,,1,0.0,0.0,76.92,0.0,30.0
BAN,Mushfiqur Rahim (BAN),bat,13,10,,0.076923077,0.7692,v Sri Lanka,Delhi,2023-11-06,,,,2,1.0,0.0,76.92,0.0,21.0
NED,BFW de Leede (NED),bat,12,10,,0.083333333,0.8333,v England,Pune,2023-11-08,,,,2,2.0,0.0,83.33,0.0,11.0
SA,H Klaasen (SA),bat,13,10,,0.076923077,0.7692,v Afghanistan,Ahmedabad,2023-11-10,,,,2,1.0,0.0,76.92,0.0,15.0
AFG,Naveen-ul-Haq (AFG),bat,8,9,,0.0,1.125,v India,Delhi,2023-10-11,,,,1,1.0,0.0,112.5,1.0,8.0
NED,A Dutt (NED),bat,6,9,,0.0,1.5,v Sri Lanka,Lucknow,2023-10-21,,,,1,1.0,0.0,150.0,1.0,14.0
IND,Kuldeep Yadav (IND),bat,13,9,,0.0,0.6923,v England,Lucknow,2023-10-29,,,,1,1.0,0.0,69.23,1.0,18.0
PAK,Iftikhar Ahmed (PAK),bat,11,9,,0.090909091,0.8181,v Netherlands,Hyderabad,2023-10-06,,,,1,1.0,0.0,81.81,0.0,22.0
AFG,Rashid Khan (AFG),bat,16,9,,0.0625,0.5625,v Bangladesh,Dharamsala,2023-10-07,,,,1,1.0,0.0,56.25,0.0,16.0
NZ,R Ravindra (NZ),bat,13,9,,0.076923077,0.6923,v Bangladesh,Chennai,2023-10-13,,,,2,2.0,0.0,69.23,0.0,12.0
AFG,Mohammad Nabi (AFG),bat,15,9,,0.066666667,0.6,v England,Delhi,2023-10-15,,,,1,1.0,0.0,60.0,0.0,14.0
ENG,JC Buttler (ENG),bat,18,9,,0.055555556,0.5,v Afghanistan,Delhi,2023-10-15,,,,2,1.0,0.0,50.0,0.0,21.0
ENG,CR Woakes (ENG),bat,26,9,,0.038461538,0.3461,v Afghanistan,Delhi,2023-10-15,,,,2,1.0,0.0,34.61,0.0,21.0
SL,BKG Mendis (SL),bat,13,9,,0.076923077,0.6923,v Australia,Lucknow,2023-10-16,,,,1,0.0,0.0,69.23,0.0,27.0
SA,M Jansen (SA),bat,25,9,,0.04,0.36,v Netherlands,Dharamsala,2023-10-17,,,,2,0.0,0.0,36.0,0.0,22.0
SA,K Rabada (SA),bat,6,9,,0.166666667,1.5,v Netherlands,Dharamsala,2023-10-17,,,,2,0.0,1.0,150.0,0.0,9.0
NED,AT Nidamanuru (NED),bat,16,9,,0.0625,0.5625,v Sri Lanka,Lucknow,2023-10-21,,,,1,0.0,0.0,56.25,0.0,32.0
AUS,MR Marsh (AUS),bat,15,9,,0.066666667,0.6,v Netherlands,Delhi,2023-10-25,,,,1,2.0,0.0,60.0,0.0,15.0
PAK,Abdullah Shafique (PAK),bat,17,9,,0.058823529,0.5294,v South Africa,Chennai,2023-10-27,,,,1,1.0,0.0,52.94,0.0,21.0
NZ,MJ Henry (NZ),bat,8,9,,0.125,1.125,v Australia,Dharamsala,2023-10-28,,,,2,1.0,0.0,112.5,0.0,14.0
NED,A Dutt (NED),bat,6,9,,0.166666667,1.5,v Bangladesh,Eden Gardens,2023-10-28,,,,1,0.0,1.0,150.0,0.0,7.0
BAN,Najmul Hossain Shanto (BAN),bat,18,9,,0.055555556,0.5,v Netherlands,Eden Gardens,2023-10-28,,,,2,2.0,0.0,50.0,0.0,27.0
IND,Shubman Gill (IND),bat,13,9,,0.076923077,0.6923,v England,Lucknow,2023-10-29,,,,1,1.0,0.0,69.23,0.0,18.0
PAK,Babar Azam (PAK),bat,16,9,,0.0625,0.5625,v Bangladesh,Eden Gardens,2023-10-31,,,,2,1.0,0.0,56.25,0.0,20.0
NZ,R Ravindra (NZ),bat,16,9,,0.0625,0.5625,v South Africa,Pune,2023-11-01,,,,2,1.0,0.0,56.25,0.0,28.0
NZ,TA Boult (NZ),bat,14,9,,0.071428571,0.6428,v South Africa,Pune,2023-11-01,,,,2,1.0,0.0,64.28,0.0,17.0
SA,AK Markram (SA),bat,6,9,,0.166666667,1.5,v India,Eden Gardens,2023-11-05,,,,2,2.0,0.0,150.0,0.0,6.0
BAN,Tanzid Hasan (BAN),bat,5,9,,0.2,1.8,v Sri Lanka,Delhi,2023-11-06,,,,2,2.0,0.0,180.0,0.0,11.0
SA,T Bavuma (SA),bat,5,8,,0.2,1.6,v Sri Lanka,Delhi,2023-10-07,,,,1,2.0,0.0,160.0,0.0,9.0
AUS,C Green (AUS),bat,20,8,,0.05,0.4,v India,Chennai,2023-10-08,,,,1,0.0,0.0,40.0,0.0,31.0
NED,R Klein (NED),bat,15,8,,0.066666667,0.5333,v New Zealand,Hyderabad,2023-10-09,,,,2,0.0,0.0,53.33,0.0,23.0
BAN,Mehidy Hasan Miraz (BAN),bat,7,8,,0.142857143,1.1428,v England,Dharamsala,2023-10-10,,,,2,1.0,0.0,114.28,0.0,12.0
SL,S Samarawickrama (SL),bat,8,8,,0.125,1.0,v Australia,Lucknow,2023-10-16,,,,1,1.0,0.0,100.0,0.0,15.0
AFG,Hashmatullah Shahidi (AFG),bat,29,8,,0.034482759,0.2758,v New Zealand,Chennai,2023-10-18,,,,2,1.0,0.0,27.58,0.0,30.0
AFG,Rashid Khan (AFG),bat,13,8,,0.076923077,0.6153,v New Zealand,Chennai,2023-10-18,,,,2,0.0,1.0,61.53,0.0,10.0
BAN,Najmul Hossain Shanto (BAN),bat,17,8,,0.058823529,0.4705,v India,Pune,2023-10-19,,,,1,0.0,0.0,47.05,0.0,18.0
AUS,M Labuschagne (AUS),bat,12,8,,0.083333333,0.6666,v Pakistan,Bengaluru,2023-10-20,,,,1,1.0,0.0,66.66,0.0,23.0
PAK,Hasan Ali (PAK),bat,8,8,,0.125,1.0,v Australia,Bengaluru,2023-10-20,,,,2,2.0,0.0,100.0,0.0,7.0
PAK,Mohammad Rizwan (PAK),bat,10,8,,0.1,0.8,v Afghanistan,Chennai,2023-10-23,,,,1,0.0,1.0,80.0,0.0,8.0
BAN,Mushfiqur Rahim (BAN),bat,17,8,,0.058823529,0.4705,v South Africa,Wankhede,2023-10-24,,,,2,1.0,0.0,47.05,0.0,24.0
AUS,C Green (AUS),bat,11,8,,0.090909091,0.7272,v Netherlands,Delhi,2023-10-25,,,,1,1.0,0.0,72.72,0.0,15.0
ENG,JC Buttler (ENG),bat,6,8,,0.166666667,1.3333,v Sri Lanka,Bengaluru,2023-10-26,,,,1,1.0,0.0,133.33,0.0,6.0
IND,RA Jadeja (IND),bat,13,8,,0.076923077,0.6153,v England,Lucknow,2023-10-29,,,,1,0.0,0.0,61.53,0.0,14.0
IND,KL Rahul (IND),bat,17,8,,0.058823529,0.4705,v South Africa,Eden Gardens,2023-11-05,,,,1,0.0,0.0,47.05,0.0,29.0
SL,KIC Asalanka (SL),bat,8,8,,0.125,1.0,v New Zealand,Bengaluru,2023-11-09,,,,1,1.0,0.0,100.0,0.0,16.0
AFG,Mujeeb Ur Rahman (AFG),bat,5,8,,0.2,1.6,v South Africa,Ahmedabad,2023-11-10,,,,1,0.0,1.0,160.0,0.0,7.0
SA,L Ngidi (SA),bat,24,7,,0.0,0.2916,v Netherlands,Dharamsala,2023-10-17,,,,2,0.0,0.0,29.16,1.0,35.0
NZ,MJ Santner (NZ),bat,5,7,,0.0,1.4,v Afghanistan,Chennai,2023-10-18,,,,1,1.0,0.0,140.0,1.0,13.0
BAN,Shoriful Islam (BAN),bat,3,7,,0.0,2.3333,v India,Pune,2023-10-19,,,,1,0.0,1.0,233.33,1.0,2.0
SA,KA Maharaj (SA),bat,21,7,,0.0,0.3333,v Pakistan,Chennai,2023-10-27,,,,2,1.0,0.0,33.33,1.0,44.0
NED,PA van Meekeren (NED),bat,12,7,,0.083333333,0.5833,v Pakistan,Hyderabad,2023-10-06,,,,2,1.0,0.0,58.33,0.0,17.0
SL,MDKJ Perera (SL),bat,15,7,,0.066666667,0.4666,v South Africa,Delhi,2023-10-07,,,,2,1.0,0.0,46.66,0.0,42.0
AUS,MR Marsh (AUS),bat,15,7,,0.066666667,0.4666,v South Africa,Lucknow,2023-10-12,,,,2,0.0,0.0,46.66,0.0,27.0
BAN,Najmul Hossain Shanto (BAN),bat,8,7,,0.125,0.875,v New Zealand,Chennai,2023-10-13,,,,1,1.0,0.0,87.5,0.0,20.0
SL,DM de Silva (SL),bat,13,7,,0.076923077,0.5384,v Australia,Lucknow,2023-10-16,,,,1,1.0,0.0,53.84,0.0,13.0
AFG,Mohammad Nabi (AFG),bat,9,7,,0.111111111,0.7777,v New Zealand,Chennai,2023-10-18,,,,2,1.0,0.0,77.77,0.0,10.0
AUS,SPD Smith (AUS),bat,9,7,,0.111111111,0.7777,v Pakistan,Bengaluru,2023-10-20,,,,1,0.0,0.0,77.77,0.0,17.0
NED,RE van der Merwe (NED),bat,7,7,,0.142857143,1.0,v Sri Lanka,Lucknow,2023-10-21,,,,1,0.0,0.0,100.0,0.0,12.0
PAK,Mohammad Wasim (1) (PAK),bat,9,7,,0.111111111,0.7777,v South Africa,Chennai,2023-10-27,,,,1,0.0,1.0,77.77,0.0,13.0
BAN,Towhid Hridoy (BAN),bat,3,7,,0.333333333,2.3333,v Pakistan,Eden Gardens,2023-10-31,,,,1,0.0,1.0,233.33,0.0,9.0
NZ,MJ Santner (NZ),bat,18,7,,0.055555556,0.3888,v South Africa,Pune,2023-11-01,,,,2,1.0,0.0,38.88,0.0,14.0
NZ,TG Southee (NZ),bat,11,7,,0.090909091,0.6363,v South Africa,Pune,2023-11-01,,,,2,1.0,0.0,63.63,0.0,11.0
SA,KA Maharaj (SA),bat,11,7,,0.090909091,0.6363,v India,Eden Gardens,2023-11-05,,,,2,1.0,0.0,63.63,0.0,7.0
NZ,MS Chapman (NZ),bat,6,7,,0.166666667,1.1666,v Sri Lanka,Bengaluru,2023-11-09,,,,2,1.0,0.0,116.66,0.0,13.0
ENG,MA Wood (ENG),bat,5,6,,0.0,1.2,v Bangladesh,Dharamsala,2023-10-10,,,,1,1.0,0.0,120.0,1.0,6.0
AUS,PJ Cummins (AUS),bat,8,6,,0.0,0.75,v Pakistan,Bengaluru,2023-10-20,,,,1,0.0,0.0,75.0,1.0,17.0
BAN,Shoriful Islam (BAN),bat,4,6,,0.0,1.5,v South Africa,Wankhede,2023-10-24,,,,2,1.0,0.0,150.0,1.0,4.0
SA,AK Markram (SA),bat,1,6,,0.0,6.0,v New Zealand,Pune,2023-11-01,,,,1,0.0,1.0,600.0,1.0,1.0
AFG,Mohammad Nabi (AFG),bat,12,6,,0.083333333,0.5,v Bangladesh,Dharamsala,2023-10-07,,,,1,0.0,0.0,50.0,0.0,19.0
AUS,A Zampa (AUS),bat,20,6,,0.05,0.3,v India,Chennai,2023-10-08,,,,1,0.0,0.0,30.0,0.0,28.0
PAK,Saud Shakeel (PAK),bat,10,6,,0.1,0.6,v India,Ahmedabad,2023-10-14,,,,1,0.0,0.0,60.0,0.0,12.0
NED,BFW de Leede (NED),bat,21,6,,0.047619048,0.2857,v Sri Lanka,Lucknow,2023-10-21,,,,1,0.0,0.0,28.57,0.0,33.0
ENG,DJ Malan (ENG),bat,11,6,,0.090909091,0.5454,v South Africa,Wankhede,2023-10-21,,,,2,1.0,0.0,54.54,0.0,30.0
NZ,MS Chapman (NZ),bat,8,6,,0.125,0.75,v India,Dharamsala,2023-10-22,,,,1,0.0,0.0,75.0,0.0,11.0
NED,MP O'Dowd (NED),bat,9,6,,0.111111111,0.6666,v Australia,Delhi,2023-10-25,,,,2,1.0,0.0,66.66,0.0,21.0
NED,Shariz Ahmad (NED),bat,8,6,,0.125,0.75,v Bangladesh,Eden Gardens,2023-10-28,,,,1,0.0,0.0,75.0,0.0,13.0
BAN,Taskin Ahmed (BAN),bat,13,6,,0.076923077,0.4615,v Pakistan,Eden Gardens,2023-10-31,,,,1,0.0,0.0,46.15,0.0,20.0
SA,K Rabada (SA),bat,26,6,,0.038461538,0.2307,v India,Eden Gardens,2023-11-05,,,,2,0.0,0.0,23.07,0.0,26.0
AUS,MP Stoinis (AUS),bat,7,6,,0.142857143,0.8571,v Afghanistan,Wankhede,2023-11-07,,,,2,1.0,0.0,85.71,0.0,13.0
ENG,DJ Willey (ENG),bat,2,6,,0.5,3.0,v Netherlands,Pune,2023-11-08,,,,1,0.0,1.0,300.0,0.0,1.0
SL,BKG Mendis (SL),bat,7,6,,0.142857143,0.8571,v New Zealand,Bengaluru,2023-11-09,,,,1,1.0,0.0,85.71,0.0,11.0
SL,C Karunaratne (SL),bat,17,6,,0.058823529,0.3529,v New Zealand,Bengaluru,2023-11-09,,,,1,1.0,0.0,35.29,0.0,28.0
BAN,Tanzim Hasan Sakib (BAN),bat,6,5,,0.0,0.8333,v Sri Lanka,Delhi,2023-11-06,,,,2,1.0,0.0,83.33,1.0,6.0
PAK,Babar Azam (PAK),bat,18,5,,0.055555556,0.2777,v Netherlands,Hyderabad,2023-10-06,,,,1,0.0,0.0,27.77,0.0,20.0
NED,MP O'Dowd (NED),bat,12,5,,0.083333333,0.4166,v Pakistan,Hyderabad,2023-10-06,,,,2,1.0,0.0,41.66,0.0,24.0
NED,AT Nidamanuru (NED),bat,9,5,,0.111111111,0.5555,v Pakistan,Hyderabad,2023-10-06,,,,2,1.0,0.0,55.55,0.0,10.0
AFG,Najibullah Zadran (AFG),bat,13,5,,0.076923077,0.3846,v Bangladesh,Dharamsala,2023-10-07,,,,1,0.0,0.0,38.46,0.0,16.0
BAN,Tanzid Hasan (BAN),bat,13,5,,0.076923077,0.3846,v Afghanistan,Dharamsala,2023-10-07,,,,2,1.0,0.0,38.46,0.0,19.0
SL,M Pathirana (SL),bat,16,5,,0.0625,0.3125,v South Africa,Delhi,2023-10-07,,,,2,1.0,0.0,31.25,0.0,25.0
NZ,MS Chapman (NZ),bat,13,5,,0.076923077,0.3846,v Netherlands,Hyderabad,2023-10-09,,,,1,0.0,0.0,38.46,0.0,11.0
AUS,JP Inglis (AUS),bat,4,5,,0.25,1.25,v South Africa,Lucknow,2023-10-12,,,,2,1.0,0.0,125.0,0.0,5.0
AUS,MP Stoinis (AUS),bat,4,5,,0.25,1.25,v South Africa,Lucknow,2023-10-12,,,,2,1.0,0.0,125.0,0.0,6.0
AFG,Naveen-ul-Haq (AFG),bat,6,5,,0.166666667,0.8333,v England,Delhi,2023-10-15,,,,1,1.0,0.0,83.33,0.0,9.0
SL,MDKJ Perera (SL),bat,8,5,,0.125,0.625,v Netherlands,Lucknow,2023-10-21,,,,2,1.0,0.0,62.5,0.0,17.0
SA,DA Miller (SA),bat,6,5,,0.166666667,0.8333,v England,Wankhede,2023-10-21,,,,1,1.0,0.0,83.33,0.0,7.0
ENG,BA Stokes (ENG),bat,8,5,,0.125,0.625,v South Africa,Wankhede,2023-10-21,,,,2,1.0,0.0,62.5,0.0,20.0
NZ,TWM Latham (NZ),bat,7,5,,0.142857143,0.7142,v India,Dharamsala,2023-10-22,,,,1,1.0,0.0,71.42,0.0,16.0
ENG,MA Wood (ENG),bat,6,5,,0.166666667,0.8333,v Sri Lanka,Bengaluru,2023-10-26,,,,1,1.0,0.0,83.33,0.0,6.0
BAN,Shakib Al Hasan (BAN),bat,14,5,,0.071428571,0.3571,v Netherlands,Eden Gardens,2023-10-28,,,,2,0.0,0.0,35.71,0.0,14.0
SL,CAK Rajitha (SL),bat,7,5,,0.142857143,0.7142,v Afghanistan,Pune,2023-10-30,,,,1,0.0,0.0,71.42,0.0,14.0
BAN,Mushfiqur Rahim (BAN),bat,8,5,,0.125,0.625,v Pakistan,Eden Gardens,2023-10-31,,,,1,1.0,0.0,62.5,0.0,18.0
SL,D Madushanka (SL),bat,6,5,,0.166666667,0.8333,v India,Wankhede,2023-11-02,,,,2,1.0,0.0,83.33,0.0,4.0
SA,Q de Kock (SA),bat,10,5,,0.1,0.5,v India,Eden Gardens,2023-11-05,,,,2,1.0,0.0,50.0,0.0,9.0
ENG,JC Buttler (ENG),bat,11,5,,0.090909091,0.4545,v Netherlands,Pune,2023-11-08,,,,1,0.0,0.0,45.45,0.0,12.0
NED,MP O'Dowd (NED),bat,11,5,,0.090909091,0.4545,v England,Pune,2023-11-08,,,,2,1.0,0.0,45.45,0.0,20.0
SL,D Madushanka (SL),bat,2,4,,0.0,2.0,v South Africa,Delhi,2023-10-07,,,,2,1.0,0.0,200.0,1.0,4.0
NED,PA van Meekeren (NED),bat,3,4,,0.0,1.3333,v New Zealand,Hyderabad,2023-10-09,,,,2,1.0,0.0,133.33,1.0,5.0
SL,MADI Hemantha (SL),bat,3,4,,0.0,1.3333,v Netherlands,Lucknow,2023-10-21,,,,2,1.0,0.0,133.33,1.0,7.0
SA,T Shamsi (SA),bat,6,4,,0.0,0.6666,v Pakistan,Chennai,2023-10-27,,,,2,0.0,0.0,66.66,1.0,14.0
SA,T Shamsi (SA),bat,4,4,,0.0,1.0,v India,Eden Gardens,2023-11-05,,,,2,1.0,0.0,100.0,1.0,3.0
NED,RE van der Merwe (NED),bat,7,4,,0.142857143,0.5714,v Pakistan,Hyderabad,2023-10-06,,,,2,0.0,0.0,57.14,0.0,18.0
NZ,GD Phillips (NZ),bat,4,4,,0.25,1.0,v Netherlands,Hyderabad,2023-10-09,,,,1,1.0,0.0,100.0,0.0,6.0
BAN,Mustafizur Rahman (BAN),bat,10,4,,0.1,0.4,v New Zealand,Chennai,2023-10-13,,,,1,0.0,0.0,40.0,0.0,14.0
PAK,Iftikhar Ahmed (PAK),bat,4,4,,0.25,1.0,v India,Ahmedabad,2023-10-14,,,,1,1.0,0.0,100.0,0.0,2.0
PAK,Mohammad Nawaz (3) (PAK),bat,14,4,,0.071428571,0.2857,v India,Ahmedabad,2023-10-14,,,,1,0.0,0.0,28.57,0.0,25.0
SL,CBRLS Kumara (SL),bat,8,4,,0.125,0.5,v Australia,Lucknow,2023-10-16,,,,1,1.0,0.0,50.0,0.0,6.0
SA,HE van der Dussen (SA),bat,7,4,,0.142857143,0.5714,v Netherlands,Dharamsala,2023-10-17,,,,2,0.0,0.0,57.14,0.0,16.0
AFG,Mujeeb Ur Rahman (AFG),bat,3,4,,0.333333333,1.3333,v New Zealand,Chennai,2023-10-18,,,,2,1.0,0.0,133.33,0.0,2.0
NED,Vikramjit Singh (NED),bat,13,4,,0.076923077,0.3076,v Sri Lanka,Lucknow,2023-10-21,,,,1,1.0,0.0,30.76,0.0,17.0
NED,PA van Meekeren (NED),bat,5,4,,0.2,0.8,v Sri Lanka,Lucknow,2023-10-21,,,,1,0.0,0.0,80.0,0.0,6.0
SA,Q de Kock (SA),bat,2,4,,0.5,2.0,v England,Wankhede,2023-10-21,,,,1,1.0,0.0,200.0,0.0,3.0
NED,BFW de Leede (NED),bat,7,4,,0.142857143,0.5714,v Australia,Delhi,2023-10-25,,,,2,1.0,0.0,57.14,0.0,7.0
SL,MDKJ Perera (SL),bat,5,4,,0.2,0.8,v England,Bengaluru,2023-10-26,,,,2,1.0,0.0,80.0,0.0,8.0
SA,L Ngidi (SA),bat,14,4,,0.071428571,0.2857,v Pakistan,Chennai,2023-10-27,,,,2,0.0,0.0,28.57,0.0,24.0
IND,SS Iyer (IND),bat,16,4,,0.0625,0.25,v England,Lucknow,2023-10-29,,,,1,0.0,0.0,25.0,0.0,21.0
BAN,Najmul Hossain Shanto (BAN),bat,3,4,,0.333333333,1.3333,v Pakistan,Eden Gardens,2023-10-31,,,,1,1.0,0.0,133.33,0.0,8.0
NZ,TWM Latham (NZ),bat,15,4,,0.066666667,0.2666,v South Africa,Pune,2023-11-01,,,,2,0.0,0.0,26.66,0.0,18.0
IND,RG Sharma (IND),bat,2,4,,0.5,2.0,v Sri Lanka,Wankhede,2023-11-02,,,,1,1.0,0.0,200.0,0.0,2.0
NED,PA van Meekeren (NED),bat,24,4,,0.041666667,0.1666,v Afghanistan,Lucknow,2023-11-03,,,,1,0.0,0.0,16.66,0.0,18.0
PAK,Abdullah Shafique (PAK),bat,9,4,,0.111111111,0.4444,v New Zealand,Bengaluru,2023-11-04,,,,2,1.0,0.0,44.44,0.0,8.0
SL,MDKJ Perera (SL),bat,5,4,,0.2,0.8,v Bangladesh,Delhi,2023-11-06,,,,1,1.0,0.0,80.0,0.0,5.0
SL,PVD Chameera (SL),bat,9,4,,0.111111111,0.4444,v Bangladesh,Delhi,2023-11-06,,,,1,0.0,0.0,44.44,0.0,17.0
ENG,MM Ali (ENG),bat,15,4,,0.066666667,0.2666,v Netherlands,Pune,2023-11-08,,,,1,0.0,0.0,26.66,0.0,20.0
NED,PA van Meekeren (NED),bat,3,4,,0.333333333,1.3333,v England,Pune,2023-11-08,,,,2,1.0,0.0,133.33,0.0,3.0
BAN,Mustafizur Rahman (BAN),bat,9,3,,0.0,0.3333,v England,Dharamsala,2023-10-10,,,,2,0.0,0.0,33.33,1.0,12.0
PAK,Shaheen Shah Afridi (PAK),bat,3,3,,0.0,1.0,v Afghanistan,Chennai,2023-10-23,,,,1,0.0,0.0,100.0,1.0,4.0
AUS,GJ Maxwell (AUS),bat,17,3,,0.058823529,0.1764,v South Africa,Lucknow,2023-10-12,,,,2,0.0,0.0,17.64,0.0,17.0
AFG,Rahmat Shah (AFG),bat,8,3,,0.125,0.375,v England,Delhi,2023-10-15,,,,1,0.0,0.0,37.5,0.0,10.0
BAN,Mehidy Hasan Miraz (BAN),bat,13,3,,0.076923077,0.2307,v India,Pune,2023-10-19,,,,1,0.0,0.0,23.07,0.0,15.0
SA,G Coetzee (SA),bat,3,3,,0.333333333,1.0,v England,Wankhede,2023-10-21,,,,1,0.0,0.0,100.0,0.0,2.0
ENG,JE Root (ENG),bat,10,3,,0.1,0.3,v Sri Lanka,Bengaluru,2023-10-26,,,,1,0.0,0.0,30.0,0.0,14.0
NED,Vikramjit Singh (NED),bat,9,3,,0.111111111,0.3333,v Bangladesh,Eden Gardens,2023-10-28,,,,1,0.0,0.0,33.33,0.0,7.0
BAN,Litton Das (BAN),bat,12,3,,0.083333333,0.25,v Netherlands,Eden Gardens,2023-10-28,,,,2,0.0,0.0,25.0,0.0,20.0
BAN,Mustafizur Rahman (BAN),bat,7,3,,0.142857143,0.4285,v Pakistan,Eden Gardens,2023-10-31,,,,1,0.0,0.0,42.85,0.0,11.0
NED,BFW de Leede (NED),bat,6,3,,0.166666667,0.5,v Afghanistan,Lucknow,2023-11-03,,,,1,0.0,0.0,50.0,0.0,5.0
NED,Saqib Zulfiqar (NED),bat,15,3,,0.066666667,0.2,v Afghanistan,Lucknow,2023-11-03,,,,1,0.0,0.0,20.0,0.0,19.0
AUS,JP Inglis (AUS),bat,6,3,,0.166666667,0.5,v England,Ahmedabad,2023-11-04,,,,1,0.0,0.0,50.0,0.0,5.0
BAN,Mehidy Hasan Miraz (BAN),bat,5,3,,0.2,0.6,v Sri Lanka,Delhi,2023-11-06,,,,2,0.0,0.0,60.0,0.0,9.0
AUS,MA Starc (AUS),bat,7,3,,0.142857143,0.4285,v Afghanistan,Wankhede,2023-11-07,,,,2,0.0,0.0,42.85,0.0,8.0
BAN,Mushfiqur Rahim (BAN),bat,3,2,,0.0,0.6666,v Afghanistan,Dharamsala,2023-10-07,,,,2,0.0,0.0,66.66,1.0,6.0
BAN,Shoriful Islam (BAN),bat,3,2,,0.0,0.6666,v New Zealand,Chennai,2023-10-13,,,,1,0.0,0.0,66.66,1.0,9.0
PAK,Shaheen Shah Afridi (PAK),bat,10,2,,0.0,0.2,v India,Ahmedabad,2023-10-14,,,,1,0.0,0.0,20.0,1.0,12.0
AFG,Fazalhaq Farooqi (AFG),bat,4,2,,0.0,0.5,v England,Delhi,2023-10-15,,,,1,0.0,0.0,50.0,1.0,7.0
NZ,TWM Latham (NZ),bat,2,2,,0.0,1.0,v Pakistan,Bengaluru,2023-11-04,,,,1,0.0,0.0,100.0,1.0,4.0
ENG,AAP Atkinson (ENG),bat,1,2,,0.0,2.0,v Netherlands,Pune,2023-11-08,,,,1,0.0,0.0,200.0,1.0,7.0
NZ,TWM Latham (NZ),bat,2,2,,0.0,1.0,v Sri Lanka,Bengaluru,2023-11-09,,,,2,0.0,0.0,100.0,1.0,3.0
AFG,Najibullah Zadran (AFG),bat,8,2,,0.125,0.25,v India,Delhi,2023-10-11,,,,1,0.0,0.0,25.0,0.0,6.0
AUS,JR Hazlewood (AUS),bat,2,2,,0.5,1.0,v South Africa,Lucknow,2023-10-12,,,,2,0.0,0.0,100.0,0.0,1.0
PAK,Shadab Khan (PAK),bat,5,2,,0.2,0.4,v India,Ahmedabad,2023-10-14,,,,1,0.0,0.0,40.0,0.0,11.0
PAK,Haris Rauf (PAK),bat,6,2,,0.166666667,0.3333,v India,Ahmedabad,2023-10-14,,,,1,0.0,0.0,33.33,0.0,9.0
ENG,JM Bairstow (ENG),bat,4,2,,0.25,0.5,v Afghanistan,Delhi,2023-10-15,,,,2,0.0,0.0,50.0,0.0,5.0
SL,DN Wellalage (SL),bat,9,2,,0.111111111,0.2222,v Australia,Lucknow,2023-10-16,,,,1,0.0,0.0,22.22,0.0,9.0
SL,C Karunaratne (SL),bat,11,2,,0.090909091,0.1818,v Australia,Lucknow,2023-10-16,,,,1,0.0,0.0,18.18,0.0,12.0
NED,Vikramjit Singh (NED),bat,16,2,,0.0625,0.125,v South Africa,Dharamsala,2023-10-17,,,,1,0.0,0.0,12.5,0.0,28.0
NED,BFW de Leede (NED),bat,7,2,,0.142857143,0.2857,v South Africa,Dharamsala,2023-10-17,,,,1,0.0,0.0,28.57,0.0,16.0
AUS,MA Starc (AUS),bat,3,2,,0.333333333,0.6666,v Pakistan,Bengaluru,2023-10-20,,,,1,0.0,0.0,66.66,0.0,3.0
ENG,JE Root (ENG),bat,6,2,,0.166666667,0.3333,v South Africa,Wankhede,2023-10-21,,,,2,0.0,0.0,33.33,0.0,9.0
IND,SA Yadav (IND),bat,4,2,,0.25,0.5,v New Zealand,Dharamsala,2023-10-22,,,,2,0.0,0.0,50.0,0.0,8.0
ENG,AU Rashid (ENG),bat,7,2,,0.142857143,0.2857,v Sri Lanka,Bengaluru,2023-10-26,,,,1,0.0,0.0,28.57,0.0,7.0
PAK,Shaheen Shah Afridi (PAK),bat,4,2,,0.25,0.5,v South Africa,Chennai,2023-10-27,,,,1,0.0,0.0,50.0,0.0,10.0
NZ,DP Conway (NZ),bat,6,2,,0.166666667,0.3333,v South Africa,Pune,2023-11-01,,,,2,0.0,0.0,33.33,0.0,13.0
IND,Mohammed Shami (IND),bat,4,2,,0.25,0.5,v Sri Lanka,Wankhede,2023-11-02,,,,1,0.0,0.0,50.0,0.0,11.0
NED,LV van Beek (NED),bat,13,2,,0.076923077,0.1538,v Afghanistan,Lucknow,2023-11-03,,,,1,0.0,0.0,15.38,0.0,16.0
ENG,LS Livingstone (ENG),bat,5,2,,0.2,0.4,v Australia,Ahmedabad,2023-11-04,,,,2,0.0,0.0,40.0,0.0,6.0
NED,LV van Beek (NED),bat,2,2,,0.5,1.0,v England,Pune,2023-11-08,,,,2,0.0,0.0,100.0,0.0,3.0
SL,P Nissanka (SL),bat,8,2,,0.125,0.25,v New Zealand,Bengaluru,2023-11-09,,,,1,0.0,0.0,25.0,0.0,9.0
AFG,Hashmatullah Shahidi (AFG),bat,7,2,,0.142857143,0.2857,v South Africa,Ahmedabad,2023-11-10,,,,1,0.0,0.0,28.57,0.0,5.0
AFG,Mohammad Nabi (AFG),bat,3,2,,0.333333333,0.6666,v South Africa,Ahmedabad,2023-11-10,,,,1,0.0,0.0,66.66,0.0,7.0
AFG,Naveen-ul-Haq (AFG),bat,4,2,,0.25,0.5,v South Africa,Ahmedabad,2023-11-10,,,,1,0.0,0.0,50.0,0.0,12.0
AUS,JR Hazlewood (AUS),bat,1,1,,0.0,1.0,v India,Chennai,2023-10-08,,,,1,0.0,0.0,100.0,1.0,6.0
ENG,RJW Topley (ENG),bat,2,1,,0.0,0.5,v Bangladesh,Dharamsala,2023-10-10,,,,1,0.0,0.0,50.0,1.0,2.0
SL,M Pathirana (SL),bat,3,1,,0.0,0.3333,v Pakistan,Hyderabad,2023-10-10,,,,1,0.0,0.0,33.33,1.0,3.0
BAN,Mustafizur Rahman (BAN),bat,7,1,,0.0,0.1428,v India,Pune,2023-10-19,,,,1,0.0,0.0,14.28,1.0,19.0
AUS,A Zampa (AUS),bat,1,1,,0.0,1.0,v Pakistan,Bengaluru,2023-10-20,,,,1,0.0,0.0,100.0,1.0,4.0
SA,KA Maharaj (SA),bat,1,1,,0.0,1.0,v England,Wankhede,2023-10-21,,,,1,0.0,0.0,100.0,1.0,1.0
IND,Mohammed Shami (IND),bat,1,1,,0.0,1.0,v New Zealand,Dharamsala,2023-10-22,,,,2,0.0,0.0,100.0,1.0,2.0
SA,M Jansen (SA),bat,1,1,,0.0,1.0,v Bangladesh,Wankhede,2023-10-24,,,,1,0.0,0.0,100.0,1.0,3.0
AUS,A Zampa (AUS),bat,1,1,,0.0,1.0,v Netherlands,Delhi,2023-10-25,,,,1,0.0,0.0,100.0,1.0,2.0
BAN,Shoriful Islam (BAN),bat,4,1,,0.0,0.25,v Pakistan,Eden Gardens,2023-10-31,,,,1,0.0,0.0,25.0,1.0,8.0
IND,JJ Bumrah (IND),bat,1,1,,0.0,1.0,v Sri Lanka,Wankhede,2023-11-02,,,,1,0.0,0.0,100.0,1.0,1.0
AUS,JR Hazlewood (AUS),bat,1,1,,0.0,1.0,v England,Ahmedabad,2023-11-04,,,,1,0.0,0.0,100.0,1.0,1.0
ENG,AU Rashid (ENG),bat,1,1,,0.0,1.0,v Netherlands,Pune,2023-11-08,,,,1,0.0,0.0,100.0,1.0,3.0
NED,A Dutt (NED),bat,2,1,,0.5,0.5,v Pakistan,Hyderabad,2023-10-06,,,,2,0.0,0.0,50.0,0.0,6.0
AFG,Mujeeb Ur Rahman (AFG),bat,4,1,,0.25,0.25,v Bangladesh,Dharamsala,2023-10-07,,,,1,0.0,0.0,25.0,0.0,9.0
NED,RE van der Merwe (NED),bat,6,1,,0.166666667,0.1666,v New Zealand,Hyderabad,2023-10-09,,,,2,0.0,0.0,16.66,0.0,9.0
BAN,Tanzid Hasan (BAN),bat,2,1,,0.5,0.5,v England,Dharamsala,2023-10-10,,,,2,0.0,0.0,50.0,0.0,7.0
BAN,Shakib Al Hasan (BAN),bat,9,1,,0.111111111,0.1111,v England,Dharamsala,2023-10-10,,,,2,0.0,0.0,11.11,0.0,16.0
SL,KIC Asalanka (SL),bat,3,1,,0.333333333,0.3333,v Pakistan,Hyderabad,2023-10-10,,,,1,0.0,0.0,33.33,0.0,5.0
SA,AK Markram (SA),bat,3,1,,0.333333333,0.3333,v Netherlands,Dharamsala,2023-10-17,,,,2,0.0,0.0,33.33,0.0,4.0
NZ,DJ Mitchell (NZ),bat,7,1,,0.142857143,0.1428,v Afghanistan,Chennai,2023-10-18,,,,1,0.0,0.0,14.28,0.0,6.0
NZ,MJ Santner (NZ),bat,2,1,,0.5,0.5,v India,Dharamsala,2023-10-22,,,,1,0.0,0.0,50.0,0.0,3.0
NZ,LH Ferguson (NZ),bat,5,1,,0.2,0.2,v India,Dharamsala,2023-10-22,,,,1,0.0,0.0,20.0,0.0,12.0
SA,HE van der Dussen (SA),bat,7,1,,0.142857143,0.1428,v Bangladesh,Wankhede,2023-10-24,,,,1,0.0,0.0,14.28,0.0,6.0
BAN,Shakib Al Hasan (BAN),bat,4,1,,0.25,0.25,v South Africa,Wankhede,2023-10-24,,,,2,0.0,0.0,25.0,0.0,4.0
NED,A Dutt (NED),bat,8,1,,0.125,0.125,v Australia,Delhi,2023-10-25,,,,2,0.0,0.0,12.5,0.0,9.0
ENG,LS Livingstone (ENG),bat,6,1,,0.166666667,0.1666,v Sri Lanka,Bengaluru,2023-10-26,,,,1,0.0,0.0,16.66,0.0,9.0
AUS,MA Starc (AUS),bat,3,1,,0.333333333,0.3333,v New Zealand,Dharamsala,2023-10-28,,,,1,0.0,0.0,33.33,0.0,7.0
BAN,Mushfiqur Rahim (BAN),bat,5,1,,0.2,0.2,v Netherlands,Eden Gardens,2023-10-28,,,,2,0.0,0.0,20.0,0.0,9.0
IND,Mohammed Shami (IND),bat,5,1,,0.2,0.2,v England,Lucknow,2023-10-29,,,,1,0.0,0.0,20.0,0.0,4.0
SL,PVD Chameera (SL),bat,4,1,,0.25,0.25,v Afghanistan,Pune,2023-10-30,,,,1,0.0,0.0,25.0,0.0,5.0
SL,BKG Mendis (SL),bat,10,1,,0.1,0.1,v India,Wankhede,2023-11-02,,,,2,0.0,0.0,10.0,0.0,21.0
SL,KIC Asalanka (SL),bat,24,1,,0.041666667,0.0416,v India,Wankhede,2023-11-02,,,,2,0.0,0.0,4.16,0.0,42.0
NED,W Barresi (NED),bat,4,1,,0.25,0.25,v Afghanistan,Lucknow,2023-11-03,,,,1,0.0,0.0,25.0,0.0,3.0
ENG,JC Buttler (ENG),bat,7,1,,0.142857143,0.1428,v Australia,Ahmedabad,2023-11-04,,,,2,0.0,0.0,14.28,0.0,10.0
SA,H Klaasen (SA),bat,11,1,,0.090909091,0.0909,v India,Eden Gardens,2023-11-05,,,,2,0.0,0.0,9.09,0.0,12.0
NED,A Dutt (NED),bat,3,1,,0.333333333,0.3333,v England,Pune,2023-11-08,,,,2,0.0,0.0,33.33,0.0,4.0
SL,S Samarawickrama (SL),bat,2,1,,0.5,0.5,v New Zealand,Bengaluru,2023-11-09,,,,1,0.0,0.0,50.0,0.0,2.0
SL,PVD Chameera (SL),bat,20,1,,0.05,0.05,v New Zealand,Bengaluru,2023-11-09,,,,1,0.0,0.0,5.0,0.0,32.0
AUS,MR Marsh (AUS),bat,132,177,,0.0,1.340909091,v Bangladesh,Pune,2023-11-11,,,,2,17.0,9.0,134.09,1.0,177.0
ENG,BA Stokes (ENG),bat,76,84,,0.013157895,1.105263158,v Pakistan,Eden Gardens,2023-11-11,,,,1,11.0,2.0,110.52,0.0,85.0
BAN,Towhid Hridoy (BAN),bat,79,74,,0.012658228,0.936708861,v Australia,Pune,2023-11-11,,,,1,5.0,2.0,93.67,0.0,121.0
AUS,SPD Smith (AUS),bat,64,63,,0.0,0.984375,v Bangladesh,Pune,2023-11-11,,,,2,4.0,1.0,98.43,1.0,99.0
ENG,JE Root (ENG),bat,72,60,,0.013888889,0.833333333,v Pakistan,Eden Gardens,2023-11-11,,,,1,4.0,0.0,83.33,0.0,115.0
ENG,JM Bairstow (ENG),bat,61,59,,0.016393443,0.967213115,v Pakistan,Eden Gardens,2023-11-11,,,,1,7.0,1.0,96.72,0.0,81.0
AUS,DA Warner (AUS),bat,61,53,,0.016393443,0.868852459,v Bangladesh,Pune,2023-11-11,,,,2,6.0,0.0,86.88,0.0,90.0
PAK,Agha Salman (PAK),bat,45,51,,0.022222222,1.133333333,v England,Eden Gardens,2023-11-11,,,,2,6.0,1.0,113.33,0.0,53.0
BAN,Najmul Hossain Shanto (BAN),bat,57,45,,0.01754386,0.789473684,v Australia,Pune,2023-11-11,,,,1,6.0,0.0,78.94,0.0,59.0
PAK,Babar Azam (PAK),bat,45,38,,0.022222222,0.844444444,v England,Eden Gardens,2023-11-11,,,,2,6.0,0.0,84.44,0.0,58.0
BAN,Tanzid Hasan (BAN),bat,34,36,,0.029411765,1.058823529,v Australia,Pune,2023-11-11,,,,1,6.0,0.0,105.88,0.0,55.0
BAN,Litton Das (BAN),bat,45,36,,0.022222222,0.8,v Australia,Pune,2023-11-11,,,,1,5.0,0.0,80.0,0.0,76.0
PAK,Mohammad Rizwan (PAK),bat,51,36,,0.019607843,0.705882353,v England,Eden Gardens,2023-11-11,,,,2,2.0,0.0,70.58,0.0,78.0
PAK,Haris Rauf (PAK),bat,23,35,,0.043478261,1.52173913,v England,Eden Gardens,2023-11-11,,,,2,3.0,3.0,152.17,0.0,27.0
BAN,Mahmudullah (BAN),bat,28,32,,0.035714286,1.142857143,v Australia,Pune,2023-11-11,,,,1,1.0,3.0,114.28,0.0,34.0
ENG,DJ Malan (ENG),bat,39,31,,0.025641026,0.794871795,v Pakistan,Eden Gardens,2023-11-11,,,,1,5.0,0.0,79.48,0.0,61.0
ENG,HC Brook (ENG),bat,17,30,,0.058823529,1.764705882,v Pakistan,Eden Gardens,2023-11-11,,,,1,2.0,2.0,176.47,0.0,24.0
BAN,Mehidy Hasan Miraz (BAN),bat,20,29,,0.05,1.45,v Australia,Pune,2023-11-11,,,,1,4.0,0.0,145.0,0.0,33.0
PAK,Saud Shakeel (PAK),bat,37,29,,0.027027027,0.783783784,v England,Eden Gardens,2023-11-11,,,,2,4.0,0.0,78.37,0.0,52.0
ENG,JC Buttler (ENG),bat,18,27,,0.055555556,1.5,v Pakistan,Eden Gardens,2023-11-11,,,,1,3.0,1.0,150.0,0.0,39.0
PAK,Shaheen Shah Afridi (PAK),bat,23,25,,0.043478261,1.086956522,v England,Eden Gardens,2023-11-11,,,,2,3.0,1.0,108.69,0.0,23.0
BAN,Mushfiqur Rahim (BAN),bat,24,21,,0.041666667,0.875,v Australia,Pune,2023-11-11,,,,1,0.0,1.0,87.5,0.0,27.0
PAK,Mohammad Wasim (1) (PAK),bat,14,16,,0.0,1.142857143,v England,Eden Gardens,2023-11-11,,,,2,2.0,1.0,114.28,1.0,33.0
ENG,DJ Willey (ENG),bat,5,15,,0.2,3.0,v Pakistan,Eden Gardens,2023-11-11,,,,1,2.0,1.0,300.0,0.0,5.0
AUS,TM Head (AUS),bat,11,10,,0.090909091,0.909090909,v Bangladesh,Pune,2023-11-11,,,,2,2.0,0.0,90.9,0.0,11.0
ENG,MM Ali (ENG),bat,6,8,,0.166666667,1.333333333,v Pakistan,Eden Gardens,2023-11-11,,,,1,0.0,1.0,133.33,0.0,10.0
BAN,Nasum Ahmed (BAN),bat,11,7,,0.090909091,0.636363636,v Australia,Pune,2023-11-11,,,,1,0.0,0.0,63.63,0.0,15.0
ENG,CR Woakes (ENG),bat,4,4,,0.0,1.0,v Pakistan,Eden Gardens,2023-11-11,,,,1,1.0,0.0,100.0,1.0,19.0
PAK,Shadab Khan (PAK),bat,7,4,,0.142857143,0.571428571,v England,Eden Gardens,2023-11-11,,,,2,1.0,0.0,57.14,0.0,4.0
PAK,Iftikhar Ahmed (PAK),bat,5,3,,0.2,0.6,v England,Eden Gardens,2023-11-11,,,,2,0.0,0.0,60.0,0.0,8.0
BAN,Mahedi Hasan (BAN),bat,3,2,,0.0,0.666666667,v Australia,Pune,2023-11-11,,,,1,0.0,0.0,66.66,1.0,4.0
PAK,Fakhar Zaman (PAK),bat,9,1,,0.111111111,0.111111111,v England,Eden Gardens,2023-11-11,,,,2,0.0,0.0,11.11,0.0,13.0
BAN,Taskin Ahmed (BAN),bat,1,0,,0.0,0.0,v Australia,Pune,2023-11-11,,,,1,0.0,0.0,0.0,1.0,2.0
ENG,AU Rashid (ENG),bat,1,0,,0.0,0.0,v Pakistan,Eden Gardens,2023-11-11,,,,1,0.0,0.0,0.0,1.0,1.0
ENG,AAP Atkinson (ENG),bat,1,0,,1.0,0.0,v Pakistan,Eden Gardens,2023-11-11,,,,1,0.0,0.0,0.0,0.0,1.0
PAK,Abdullah Shafique (PAK),bat,2,0,,0.5,0.0,v England,Eden Gardens,2023-11-11,,,,2,0.0,0.0,0.0,0.0,2.0
ENG,DJ Willey (ENG),bowl,60,56,3.0,0.05,0.933333333,v Pakistan,Eden Gardens,2023-11-11,10.0,0.0,5.6,2,,,,,
PAK,Haris Rauf (PAK),bowl,60,64,3.0,0.05,1.066666667,v England,Eden Gardens,2023-11-11,10.0,0.0,6.4,1,,,,,
AUS,A Zampa (AUS),bowl,60,32,2.0,0.033333333,0.533333333,v Bangladesh,Pune,2023-11-11,10.0,0.0,3.2,1,,,,,
ENG,AAP Atkinson (ENG),bowl,48,45,2.0,0.041666667,0.9375,v Pakistan,Eden Gardens,2023-11-11,8.0,0.0,5.62,2,,,,,
ENG,AU Rashid (ENG),bowl,60,55,2.0,0.033333333,0.916666667,v Pakistan,Eden Gardens,2023-11-11,10.0,0.0,5.5,2,,,,,
ENG,MM Ali (ENG),bowl,60,60,2.0,0.033333333,1.0,v Pakistan,Eden Gardens,2023-11-11,10.0,0.0,6.0,2,,,,,
AUS,SA Abbott (AUS),bowl,60,61,2.0,0.033333333,1.016666667,v Bangladesh,Pune,2023-11-11,10.0,0.0,6.1,1,,,,,
PAK,Shaheen Shah Afridi (PAK),bowl,60,72,2.0,0.033333333,1.2,v England,Eden Gardens,2023-11-11,10.0,1.0,7.2,1,,,,,
PAK,Mohammad Wasim (1) (PAK),bowl,60,74,2.0,0.033333333,1.233333333,v England,Eden Gardens,2023-11-11,10.0,0.0,7.4,1,,,,,
ENG,CR Woakes (ENG),bowl,33,27,1.0,0.03030303,0.818181818,v Pakistan,Eden Gardens,2023-11-11,5.3,0.0,4.9,2,,,,,
PAK,Iftikhar Ahmed (PAK),bowl,42,38,1.0,0.023809524,0.904761905,v England,Eden Gardens,2023-11-11,7.0,0.0,5.42,1,,,,,
AUS,MP Stoinis (AUS),bowl,30,45,1.0,0.033333333,1.5,v Bangladesh,Pune,2023-11-11,5.0,0.0,9.0,1,,,,,
BAN,Taskin Ahmed (BAN),bowl,60,61,1.0,0.016666667,1.016666667,v Australia,Pune,2023-11-11,10.0,0.0,6.1,2,,,,,
BAN,Mustafizur Rahman (BAN),bowl,58,76,1.0,0.017241379,1.310344828,v Australia,Pune,2023-11-11,9.4,1.0,7.86,2,,,,,
AUS,JR Hazlewood (AUS),bowl,42,21,0.0,0.0,0.5,v Bangladesh,Pune,2023-11-11,7.0,1.0,3.0,1,,,,,
PAK,Agha Salman (PAK),bowl,18,25,0.0,0.0,1.388888889,v England,Eden Gardens,2023-11-11,3.0,0.0,8.33,1,,,,,
AUS,TM Head (AUS),bowl,36,33,0.0,0.0,0.916666667,v Bangladesh,Pune,2023-11-11,6.0,0.0,5.5,1,,,,,
BAN,Mahedi Hasan (BAN),bowl,54,38,0.0,0.0,0.703703704,v Australia,Pune,2023-11-11,9.0,0.0,4.22,2,,,,,
BAN,Mehidy Hasan Miraz (BAN),bowl,36,47,0.0,0.0,1.305555556,v Australia,Pune,2023-11-11,6.0,0.0,7.83,2,,,,,
AUS,MR Marsh (AUS),bowl,24,48,0.0,0.0,2.0,v Bangladesh,Pune,2023-11-11,4.0,0.0,12.0,1,,,,,
AUS,PJ Cummins (AUS),bowl,48,56,0.0,0.0,1.166666667,v Bangladesh,Pune,2023-11-11,8.0,0.0,7.0,1,,,,,
PAK,Shadab Khan (PAK),bowl,60,57,0.0,0.0,0.95,v England,Eden Gardens,2023-11-11,10.0,0.0,5.7,1,,,,,
BAN,Nasum Ahmed (BAN),bowl,60,85,0.0,0.0,1.416666667,v Australia,Pune,2023-11-11,10.0,0.0,8.5,2,,,,,
NZ,WA Young (NZ),bat,1,0,,1.0,0.0,v England,Ahmedabad,2023-10-05,,,,2,0.0,0.0,0.0,0.0,5.0
PAK,Hasan Ali (PAK),bat,1,0,,1.0,0.0,v Netherlands,Hyderabad,2023-10-06,,,,1,0.0,0.0,0.0,0.0,2.0
NED,SA Edwards (NED),bat,2,0,,0.5,0.0,v Pakistan,Hyderabad,2023-10-06,,,,2,0.0,0.0,0.0,0.0,2.0
AFG,Naveen-ul-Haq (AFG),bat,6,0,,0.166666667,0.0,v Bangladesh,Dharamsala,2023-10-07,,,,1,0.0,0.0,0.0,0.0,8.0
SL,P Nissanka (SL),bat,3,0,,0.333333333,0.0,v South Africa,Delhi,2023-10-07,,,,2,0.0,0.0,0.0,0.0,6.0
SL,DN Wellalage (SL),bat,1,0,,1.0,0.0,v South Africa,Delhi,2023-10-07,,,,2,0.0,0.0,0.0,0.0,2.0
AUS,MR Marsh (AUS),bat,6,0,,0.166666667,0.0,v India,Chennai,2023-10-08,,,,1,0.0,0.0,0.0,0.0,11.0
AUS,AT Carey (AUS),bat,2,0,,0.5,0.0,v India,Chennai,2023-10-08,,,,1,0.0,0.0,0.0,0.0,1.0
IND,RG Sharma (IND),bat,6,0,,0.166666667,0.0,v Australia,Chennai,2023-10-08,,,,2,0.0,0.0,0.0,0.0,10.0
IND,Ishan Kishan (IND),bat,1,0,,1.0,0.0,v Australia,Chennai,2023-10-08,,,,2,0.0,0.0,0.0,0.0,3.0
IND,SS Iyer (IND),bat,3,0,,0.333333333,0.0,v Australia,Chennai,2023-10-08,,,,2,0.0,0.0,0.0,0.0,2.0
ENG,LS Livingstone (ENG),bat,1,0,,1.0,0.0,v Bangladesh,Dharamsala,2023-10-10,,,,1,0.0,0.0,0.0,0.0,1.0
BAN,Najmul Hossain Shanto (BAN),bat,1,0,,1.0,0.0,v England,Dharamsala,2023-10-10,,,,2,0.0,0.0,0.0,0.0,1.0
SL,MDKJ Perera (SL),bat,4,0,,0.25,0.0,v Pakistan,Hyderabad,2023-10-10,,,,1,0.0,0.0,0.0,0.0,7.0
SL,M Theekshana (SL),bat,4,0,,0.25,0.0,v Pakistan,Hyderabad,2023-10-10,,,,1,0.0,0.0,0.0,0.0,6.0
BAN,Litton Das (BAN),bat,1,0,,1.0,0.0,v New Zealand,Chennai,2023-10-13,,,,1,0.0,0.0,0.0,0.0,1.0
SL,M Theekshana (SL),bat,5,0,,0.2,0.0,v Australia,Lucknow,2023-10-16,,,,1,0.0,0.0,0.0,0.0,7.0
AUS,SPD Smith (AUS),bat,5,0,,0.2,0.0,v Sri Lanka,Lucknow,2023-10-16,,,,2,0.0,0.0,0.0,0.0,4.0
AFG,Naveen-ul-Haq (AFG),bat,1,0,,1.0,0.0,v New Zealand,Chennai,2023-10-18,,,,2,0.0,0.0,0.0,0.0,1.0
AFG,Fazalhaq Farooqi (AFG),bat,2,0,,0.5,0.0,v New Zealand,Chennai,2023-10-18,,,,2,0.0,0.0,0.0,0.0,1.0
AUS,GJ Maxwell (AUS),bat,1,0,,1.0,0.0,v Pakistan,Bengaluru,2023-10-20,,,,1,0.0,0.0,0.0,0.0,1.0
AUS,JR Hazlewood (AUS),bat,1,0,,1.0,0.0,v Pakistan,Bengaluru,2023-10-20,,,,1,0.0,0.0,0.0,0.0,1.0
PAK,Usama Mir (PAK),bat,3,0,,0.333333333,0.0,v Australia,Bengaluru,2023-10-20,,,,2,0.0,0.0,0.0,0.0,4.0
NZ,DP Conway (NZ),bat,9,0,,0.111111111,0.0,v India,Dharamsala,2023-10-22,,,,1,0.0,0.0,0.0,0.0,16.0
NZ,MJ Henry (NZ),bat,1,0,,1.0,0.0,v India,Dharamsala,2023-10-22,,,,1,0.0,0.0,0.0,0.0,1.0
BAN,Najmul Hossain Shanto (BAN),bat,1,0,,1.0,0.0,v South Africa,Wankhede,2023-10-24,,,,2,0.0,0.0,0.0,0.0,1.0
AUS,MA Starc (AUS),bat,1,0,,1.0,0.0,v Netherlands,Delhi,2023-10-25,,,,1,0.0,0.0,0.0,0.0,1.0
NED,LV van Beek (NED),bat,3,0,,0.333333333,0.0,v Australia,Delhi,2023-10-25,,,,2,0.0,0.0,0.0,0.0,3.0
NED,RE van der Merwe (NED),bat,1,0,,1.0,0.0,v Australia,Delhi,2023-10-25,,,,2,0.0,0.0,0.0,0.0,1.0
NED,PA van Meekeren (NED),bat,1,0,,1.0,0.0,v Australia,Delhi,2023-10-25,,,,2,0.0,0.0,0.0,0.0,2.0
ENG,CR Woakes (ENG),bat,4,0,,0.25,0.0,v Sri Lanka,Bengaluru,2023-10-26,,,,1,0.0,0.0,0.0,0.0,8.0
AUS,A Zampa (AUS),bat,3,0,,0.333333333,0.0,v New Zealand,Dharamsala,2023-10-28,,,,1,0.0,0.0,0.0,0.0,2.0
NED,MP O'Dowd (NED),bat,3,0,,0.333333333,0.0,v Bangladesh,Eden Gardens,2023-10-28,,,,1,0.0,0.0,0.0,0.0,11.0
NED,PA van Meekeren (NED),bat,2,0,,0.5,0.0,v Bangladesh,Eden Gardens,2023-10-28,,,,1,0.0,0.0,0.0,0.0,6.0
IND,V Kohli (IND),bat,9,0,,0.111111111,0.0,v England,Lucknow,2023-10-29,,,,1,0.0,0.0,0.0,0.0,12.0
ENG,JE Root (ENG),bat,1,0,,1.0,0.0,v India,Lucknow,2023-10-29,,,,2,0.0,0.0,0.0,0.0,2.0
ENG,BA Stokes (ENG),bat,10,0,,0.1,0.0,v India,Lucknow,2023-10-29,,,,2,0.0,0.0,0.0,0.0,14.0
ENG,MA Wood (ENG),bat,1,0,,1.0,0.0,v India,Lucknow,2023-10-29,,,,2,0.0,0.0,0.0,0.0,3.0
AFG,Rahmanullah Gurbaz (AFG),bat,4,0,,0.25,0.0,v Sri Lanka,Pune,2023-10-30,,,,2,0.0,0.0,0.0,0.0,2.0
BAN,Tanzid Hasan (BAN),bat,5,0,,0.2,0.0,v Pakistan,Eden Gardens,2023-10-31,,,,1,0.0,0.0,0.0,0.0,7.0
NZ,JDS Neesham (NZ),bat,8,0,,0.125,0.0,v South Africa,Pune,2023-11-01,,,,2,0.0,0.0,0.0,0.0,6.0
SL,P Nissanka (SL),bat,1,0,,1.0,0.0,v India,Wankhede,2023-11-02,,,,2,0.0,0.0,0.0,0.0,2.0
SL,FDM Karunaratne (SL),bat,1,0,,1.0,0.0,v India,Wankhede,2023-11-02,,,,2,0.0,0.0,0.0,0.0,10.0
SL,S Samarawickrama (SL),bat,4,0,,0.25,0.0,v India,Wankhede,2023-11-02,,,,2,0.0,0.0,0.0,0.0,4.0
SL,MADI Hemantha (SL),bat,1,0,,1.0,0.0,v India,Wankhede,2023-11-02,,,,2,0.0,0.0,0.0,0.0,1.0
SL,PVD Chameera (SL),bat,6,0,,0.166666667,0.0,v India,Wankhede,2023-11-02,,,,2,0.0,0.0,0.0,0.0,10.0
NED,SA Edwards (NED),bat,1,0,,1.0,0.0,v Afghanistan,Lucknow,2023-11-03,,,,1,0.0,0.0,0.0,0.0,1.0
ENG,JM Bairstow (ENG),bat,1,0,,1.0,0.0,v Australia,Ahmedabad,2023-11-04,,,,2,0.0,0.0,0.0,0.0,1.0
SA,L Ngidi (SA),bat,3,0,,0.333333333,0.0,v India,Eden Gardens,2023-11-05,,,,2,0.0,0.0,0.0,0.0,7.0
SL,AD Mathews (SL),bat,0,0,,1.0,0.0,v Bangladesh,Delhi,2023-11-06,,,,1,0.0,0.0,0.0,0.0,4.0
SL,CAK Rajitha (SL),bat,2,0,,0.5,0.0,v Bangladesh,Delhi,2023-11-06,,,,1,0.0,0.0,0.0,0.0,1.0
AUS,TM Head (AUS),bat,2,0,,0.5,0.0,v Afghanistan,Wankhede,2023-11-07,,,,2,0.0,0.0,0.0,0.0,5.0
AUS,JP Inglis (AUS),bat,1,0,,1.0,0.0,v Afghanistan,Wankhede,2023-11-07,,,,2,0.0,0.0,0.0,0.0,1.0
NED,CN Ackermann (NED),bat,2,0,,0.5,0.0,v England,Pune,2023-11-08,,,,2,0.0,0.0,0.0,0.0,4.0
NED,RE van der Merwe (NED),bat,4,0,,0.25,0.0,v England,Pune,2023-11-08,,,,2,0.0,0.0,0.0,0.0,3.0
ENG,AAP Atkinson (ENG),bat,1,0,,1.0,0.0,v Pakistan,Eden Gardens,2023-11-11,,,,1,0.0,0.0,0.0,0.0,1.0
PAK,Abdullah Shafique (PAK),bat,2,0,,0.5,0.0,v England,Eden Gardens,2023-11-11,,,,2,0.0,0.0,0.0,0.0,2.0
IND,SS Iyer (IND),bat,94,128,,0.0,1.361702128,v Netherlands,Bengaluru,2023-11-12,,,,1,10.0,5.0,136.17,1.0,145.0
IND,KL Rahul (IND),bat,64,102,,0.015625,1.59375,v Netherlands,Bengaluru,2023-11-12,,,,1,11.0,4.0,159.37,0.0,98.0
IND,RG Sharma (IND),bat,54,61,,0.018518519,1.12962963,v Netherlands,Bengaluru,2023-11-12,,,,1,8.0,2.0,112.96,0.0,74.0
NED,AT Nidamanuru (NED),bat,39,54,,0.025641026,1.384615385,v India,Bengaluru,2023-11-12,,,,2,1.0,6.0,138.46,0.0,65.0
IND,Shubman Gill (IND),bat,32,51,,0.03125,1.59375,v Netherlands,Bengaluru,2023-11-12,,,,1,3.0,4.0,159.37,0.0,49.0
IND,V Kohli (IND),bat,56,51,,0.017857143,0.910714286,v Netherlands,Bengaluru,2023-11-12,,,,1,5.0,1.0,91.07,0.0,69.0
NED,SA Engelbrecht (NED),bat,80,45,,0.0125,0.5625,v India,Bengaluru,2023-11-12,,,,2,4.0,0.0,56.25,0.0,87.0
NED,CN Ackermann (NED),bat,32,35,,0.03125,1.09375,v India,Bengaluru,2023-11-12,,,,2,6.0,0.0,109.37,0.0,46.0
NED,MP O'Dowd (NED),bat,42,30,,0.023809524,0.714285714,v India,Bengaluru,2023-11-12,,,,2,3.0,1.0,71.42,0.0,68.0
NED,SA Edwards (NED),bat,30,17,,0.033333333,0.566666667,v India,Bengaluru,2023-11-12,,,,2,1.0,0.0,56.66,0.0,27.0
NED,LV van Beek (NED),bat,15,16,,0.066666667,1.066666667,v India,Bengaluru,2023-11-12,,,,2,2.0,0.0,106.66,0.0,20.0
NED,RE van der Merwe (NED),bat,8,16,,0.125,2.0,v India,Bengaluru,2023-11-12,,,,2,1.0,2.0,200.0,0.0,5.0
NED,BFW de Leede (NED),bat,21,12,,0.047619048,0.571428571,v India,Bengaluru,2023-11-12,,,,2,1.0,0.0,57.14,0.0,23.0
NED,A Dutt (NED),bat,11,5,,0.090909091,0.454545455,v India,Bengaluru,2023-11-12,,,,2,0.0,0.0,45.45,0.0,9.0
NED,W Barresi (NED),bat,5,4,,0.2,0.8,v India,Bengaluru,2023-11-12,,,,2,0.0,0.0,80.0,0.0,8.0
NED,PA van Meekeren (NED),bat,4,3,,0.0,0.75,v India,Bengaluru,2023-11-12,,,,2,0.0,0.0,75.0,1.0,7.0
IND,SA Yadav (IND),bat,1,2,,0.0,2.0,v Netherlands,Bengaluru,2023-11-12,,,,1,0.0,0.0,200.0,1.0,1.0
IND,Mohammed Siraj (IND),bowl,36,29,2.0,0.055555556,0.805555556,v Netherlands,Bengaluru,2023-11-12,6.0,1.0,4.83,2,,,,,
IND,JJ Bumrah (IND),bowl,54,33,2.0,0.037037037,0.611111111,v Netherlands,Bengaluru,2023-11-12,9.0,1.0,3.66,2,,,,,
IND,Kuldeep Yadav (IND),bowl,60,41,2.0,0.033333333,0.683333333,v Netherlands,Bengaluru,2023-11-12,10.0,1.0,4.1,2,,,,,
IND,RA Jadeja (IND),bowl,54,49,2.0,0.037037037,0.907407407,v Netherlands,Bengaluru,2023-11-12,9.0,0.0,5.44,2,,,,,
NED,BFW de Leede (NED),bowl,60,82,2.0,0.033333333,1.366666667,v India,Bengaluru,2023-11-12,10.0,0.0,8.2,1,,,,,
IND,RG Sharma (IND),bowl,5,7,1.0,0.2,1.4,v Netherlands,Bengaluru,2023-11-12,0.5,0.0,8.4,2,,,,,
NED,V Kohli (IND),bowl,18,13,1.0,0.055555556,0.722222222,v Netherlands,Bengaluru,2023-11-12,3.0,0.0,4.33,2,,,,,
NED,RE van der Merwe (NED),bowl,60,53,1.0,0.016666667,0.883333333,v India,Bengaluru,2023-11-12,10.0,0.0,5.3,1,,,,,
NED,PA van Meekeren (NED),bowl,60,90,1.0,0.016666667,1.5,v India,Bengaluru,2023-11-12,10.0,0.0,9.0,1,,,,,
IND,Shubman Gill (IND),bowl,12,11,0.0,0.0,0.916666667,v Netherlands,Bengaluru,2023-11-12,2.0,0.0,5.5,2,,,,,
IND,SA Yadav (IND),bowl,12,17,0.0,0.0,1.416666667,v Netherlands,Bengaluru,2023-11-12,2.0,0.0,8.5,2,,,,,
NED,CN Ackermann (NED),bowl,18,25,0.0,0.0,1.388888889,v India,Bengaluru,2023-11-12,3.0,0.0,8.33,1,,,,,
IND,Mohammed Shami (IND),bowl,36,41,0.0,0.0,1.138888889,v Netherlands,Bengaluru,2023-11-12,6.0,0.0,6.83,2,,,,,
NED,A Dutt (NED),bowl,42,52,0.0,0.0,1.238095238,v India,Bengaluru,2023-11-12,7.0,0.0,7.42,1,,,,,
NED,LV van Beek (NED),bowl,60,107,0.0,0.0,1.783333333,v India,Bengaluru,2023-11-12,10.0,0.0,10.7,1,,,,,
NZ,DJ Mitchell (NZ),bat,119,134,,0.008403361,1.126,v India,Wankhede,2023-11-15,,,,2,9.0,7.0,112.6,0.0,180.0
IND,V Kohli (IND),bat,113,117,,0.008849558,1.0353,v New Zealand,Wankhede,2023-11-15,,,,1,9.0,2.0,103.53,0.0,149.0
IND,SS Iyer (IND),bat,70,105,,0.014285714,1.5,v New Zealand,Wankhede,2023-11-15,,,,1,4.0,8.0,150.0,0.0,114.0
SA,DA Miller (SA),bat,116,101,,0.00862069,0.8706,v Australia,Eden Gardens,2023-11-16,,,,1,8.0,5.0,87.06,0.0,138.0
IND,Shubman Gill (IND),bat,66,80,,0.0,1.2121,v New Zealand,Wankhede,2023-11-15,,,,1,8.0,3.0,121.21,1.0,116.0
NZ,KS Williamson (NZ),bat,73,69,,0.01369863,0.9452,v India,Wankhede,2023-11-15,,,,2,8.0,1.0,94.52,0.0,116.0
AUS,TM Head (AUS),bat,48,62,,0.020833333,1.2916,v South Africa,Eden Gardens,2023-11-16,,,,2,9.0,2.0,129.16,0.0,62.0
IND,RG Sharma (IND),bat,29,47,,0.034482759,1.6206,v New Zealand,Wankhede,2023-11-15,,,,1,4.0,4.0,162.06,0.0,40.0
SA,H Klaasen (SA),bat,48,47,,0.020833333,0.9791,v Australia,Eden Gardens,2023-11-16,,,,1,4.0,2.0,97.91,0.0,76.0
NZ,GD Phillips (NZ),bat,33,41,,0.03030303,1.2424,v India,Wankhede,2023-11-15,,,,2,4.0,2.0,124.24,0.0,58.0
IND,KL Rahul (IND),bat,20,39,,0.0,1.95,v New Zealand,Wankhede,2023-11-15,,,,1,5.0,2.0,195.0,1.0,29.0
AUS,SPD Smith (AUS),bat,62,30,,0.016129032,0.4838,v South Africa,Eden Gardens,2023-11-16,,,,2,2.0,0.0,48.38,0.0,102.0
AUS,DA Warner (AUS),bat,18,29,,0.055555556,1.6111,v South Africa,Eden Gardens,2023-11-16,,,,2,1.0,4.0,161.11,0.0,29.0
AUS,JP Inglis (AUS),bat,49,28,,0.020408163,0.5714,v South Africa,Eden Gardens,2023-11-16,,,,2,3.0,0.0,57.14,0.0,66.0
SA,G Coetzee (SA),bat,39,19,,0.025641026,0.4871,v Australia,Eden Gardens,2023-11-16,,,,1,2.0,0.0,48.71,0.0,42.0
AUS,M Labuschagne (AUS),bat,31,18,,0.032258065,0.5806,v South Africa,Eden Gardens,2023-11-16,,,,2,2.0,0.0,58.06,0.0,28.0
AUS,MA Starc (AUS),bat,38,16,,0.0,0.421,v South Africa,Eden Gardens,2023-11-16,,,,2,2.0,0.0,42.1,1.0,61.0
AUS,PJ Cummins (AUS),bat,29,14,,0.0,0.4827,v South Africa,Eden Gardens,2023-11-16,,,,2,2.0,0.0,48.27,1.0,32.0
NZ,DP Conway (NZ),bat,15,13,,0.066666667,0.8666,v India,Wankhede,2023-11-15,,,,2,3.0,0.0,86.66,0.0,26.0
NZ,R Ravindra (NZ),bat,22,13,,0.045454545,0.5909,v India,Wankhede,2023-11-15,,,,2,3.0,0.0,59.09,0.0,39.0
SA,AK Markram (SA),bat,20,10,,0.05,0.5,v Australia,Eden Gardens,2023-11-16,,,,1,2.0,0.0,50.0,0.0,24.0
SA,K Rabada (SA),bat,12,10,,0.083333333,0.8333,v Australia,Eden Gardens,2023-11-16,,,,1,0.0,1.0,83.33,0.0,18.0
NZ,MJ Santner (NZ),bat,10,9,,0.1,0.9,v India,Wankhede,2023-11-15,,,,2,0.0,0.0,90.0,0.0,20.0
NZ,TG Southee (NZ),bat,10,9,,0.1,0.9,v India,Wankhede,2023-11-15,,,,2,1.0,0.0,90.0,0.0,14.0
NZ,LH Ferguson (NZ),bat,3,6,,0.333333333,2.0,v India,Wankhede,2023-11-15,,,,2,0.0,1.0,200.0,0.0,2.0
SA,HE van der Dussen (SA),bat,31,6,,0.032258065,0.1935,v Australia,Eden Gardens,2023-11-16,,,,1,0.0,0.0,19.35,0.0,53.0
SA,KA Maharaj (SA),bat,8,4,,0.125,0.5,v Australia,Eden Gardens,2023-11-16,,,,1,0.0,0.0,50.0,0.0,13.0
SA,Q de Kock (SA),bat,14,3,,0.071428571,0.2142,v Australia,Eden Gardens,2023-11-16,,,,1,0.0,0.0,21.42,0.0,27.0
NZ,TA Boult (NZ),bat,2,2,,0.0,1.0,v India,Wankhede,2023-11-15,,,,2,0.0,0.0,100.0,1.0,5.0
NZ,MS Chapman (NZ),bat,5,2,,0.2,0.4,v India,Wankhede,2023-11-15,,,,2,0.0,0.0,40.0,0.0,5.0
SA,T Shamsi (SA),bat,5,1,,0.0,0.2,v Australia,Eden Gardens,2023-11-16,,,,1,0.0,0.0,20.0,1.0,11.0
IND,SA Yadav (IND),bat,2,1,,0.5,0.5,v New Zealand,Wankhede,2023-11-15,,,,1,0.0,0.0,50.0,0.0,2.0
AUS,GJ Maxwell (AUS),bat,5,1,,0.2,0.2,v South Africa,Eden Gardens,2023-11-16,,,,2,0.0,0.0,20.0,0.0,8.0
NZ,TWM Latham (NZ),bat,2,0,,0.5,0.0,v India,Wankhede,2023-11-15,,,,2,0.0,0.0,0.0,0.0,1.0
SA,T Bavuma (SA),bat,4,0,,0.25,0.0,v Australia,Eden Gardens,2023-11-16,,,,1,0.0,0.0,0.0,0.0,5.0
SA,M Jansen (SA),bat,1,0,,1.0,0.0,v Australia,Eden Gardens,2023-11-16,,,,1,0.0,0.0,0.0,0.0,1.0
AUS,MR Marsh (AUS),bat,6,0,,0.166666667,0.0,v South Africa,Eden Gardens,2023-11-16,,,,2,0.0,0.0,0.0,0.0,5.0
IND,Mohammed Shami (IND),bowl,59,57,7.0,0.118644068,0.966101695,v New Zealand,Wankhede,2023-11-15,9.5,0.0,5.79,2,,,,,
AUS,MA Starc (AUS),bowl,60,34,3.0,0.05,0.566666667,v South Africa,Eden Gardens,2023-11-16,10.0,1.0,3.4,1,,,,,
AUS,PJ Cummins (AUS),bowl,58,51,3.0,0.051724138,0.879310345,v South Africa,Eden Gardens,2023-11-16,9.4,0.0,5.27,1,,,,,
NZ,TG Southee (NZ),bowl,60,100,3.0,0.05,1.666666667,v India,Wankhede,2023-11-15,10.0,0.0,10.0,1,,,,,
AUS,JR Hazlewood (AUS),bowl,48,12,2.0,0.041666667,0.25,v South Africa,Eden Gardens,2023-11-16,8.0,3.0,1.5,1,,,,,
AUS,TM Head (AUS),bowl,30,21,2.0,0.066666667,0.7,v South Africa,Eden Gardens,2023-11-16,5.0,0.0,4.2,1,,,,,
SA,T Shamsi (SA),bowl,60,42,2.0,0.033333333,0.7,v Australia,Eden Gardens,2023-11-16,10.0,0.0,4.2,2,,,,,
SA,G Coetzee (SA),bowl,54,47,2.0,0.037037037,0.87037037,v Australia,Eden Gardens,2023-11-16,9.0,0.0,5.22,2,,,,,
SA,AK Markram (SA),bowl,48,23,1.0,0.020833333,0.479166667,v Australia,Eden Gardens,2023-11-16,8.0,1.0,2.87,2,,,,,
SA,KA Maharaj (SA),bowl,60,24,1.0,0.016666667,0.4,v Australia,Eden Gardens,2023-11-16,10.0,0.0,2.4,2,,,,,
SA,K Rabada (SA),bowl,36,41,1.0,0.027777778,1.138888889,v Australia,Eden Gardens,2023-11-16,6.0,0.0,6.83,2,,,,,
IND,Kuldeep Yadav (IND),bowl,60,56,1.0,0.016666667,0.933333333,v New Zealand,Wankhede,2023-11-15,10.0,0.0,5.6,2,,,,,
IND,JJ Bumrah (IND),bowl,60,64,1.0,0.016666667,1.066666667,v New Zealand,Wankhede,2023-11-15,10.0,1.0,6.4,2,,,,,
IND,Mohammed Siraj (IND),bowl,54,78,1.0,0.018518519,1.444444444,v New Zealand,Wankhede,2023-11-15,9.0,0.0,8.66,2,,,,,
NZ,TA Boult (NZ),bowl,60,86,1.0,0.016666667,1.433333333,v India,Wankhede,2023-11-15,10.0,0.0,8.6,1,,,,,
NZ,GD Phillips (NZ),bowl,30,33,0.0,0.0,1.1,v India,Wankhede,2023-11-15,5.0,0.0,6.6,1,,,,,
AUS,GJ Maxwell (AUS),bowl,60,35,0.0,0.0,0.583333333,v South Africa,Eden Gardens,2023-11-16,10.0,0.0,3.5,1,,,,,
SA,M Jansen (SA),bowl,26,35,0.0,0.0,1.346153846,v Australia,Eden Gardens,2023-11-16,4.2,0.0,8.07,2,,,,,
NZ,MJ Santner (NZ),bowl,60,51,0.0,0.0,0.85,v India,Wankhede,2023-11-15,10.0,1.0,5.1,1,,,,,
AUS,A Zampa (AUS),bowl,42,55,0.0,0.0,1.30952381,v South Africa,Eden Gardens,2023-11-16,7.0,0.0,7.85,1,,,,,
NZ,R Ravindra (NZ),bowl,42,60,0.0,0.0,1.428571429,v India,Wankhede,2023-11-15,7.0,0.0,8.57,1,,,,,
IND,RA Jadeja (IND),bowl,60,63,0.0,0.0,1.05,v New Zealand,Wankhede,2023-11-15,10.0,0.0,6.3,2,,,,,
NZ,LH Ferguson (NZ),bowl,48,65,0.0,0.0,1.354166667,v India,Wankhede,2023-11-15,8.0,0.0,8.12,1,,,,,
AUS,TM Head (AUS),bat,120,137,,0.008333333,1.1416,v India,Ahmedabad,2023-11-19,,,,2,15.0,4.0,114.16,,166.0
IND,KL Rahul (IND),bat,107,66,,0.009345794,0.6168,v Australia,Ahmedabad,2023-11-19,,,,1,1.0,0.0,61.68,,133.0
AUS,M Labuschagne (AUS),bat,110,58,,0.0,0.5272,v India,Ahmedabad,2023-11-19,,,,2,4.0,0.0,52.72,1.0,133.0
IND,V Kohli (IND),bat,63,54,,0.015873016,0.8571,v Australia,Ahmedabad,2023-11-19,,,,1,4.0,0.0,85.71,,99.0
IND,RG Sharma (IND),bat,31,47,,0.032258065,1.5161,v Australia,Ahmedabad,2023-11-19,,,,1,4.0,3.0,151.61,,44.0
IND,SA Yadav (IND),bat,28,18,,0.035714286,0.6428,v Australia,Ahmedabad,2023-11-19,,,,1,1.0,0.0,64.28,,57.0
AUS,MR Marsh (AUS),bat,15,15,,0.066666667,1.0,v India,Ahmedabad,2023-11-19,,,,2,1.0,1.0,100.0,,15.0
IND,Kuldeep Yadav (IND),bat,18,10,,0.055555556,0.5555,v Australia,Ahmedabad,2023-11-19,,,,1,0.0,0.0,55.55,,28.0
IND,Mohammed Siraj (IND),bat,8,9,,0.0,1.125,v Australia,Ahmedabad,2023-11-19,,,,1,1.0,0.0,112.5,1.0,13.0
IND,RA Jadeja (IND),bat,22,9,,0.045454545,0.409,v Australia,Ahmedabad,2023-11-19,,,,1,0.0,0.0,40.9,,33.0
AUS,DA Warner (AUS),bat,3,7,,0.333333333,2.3333,v India,Ahmedabad,2023-11-19,,,,2,1.0,0.0,233.33,,6.0
IND,Mohammed Shami (IND),bat,10,6,,0.1,0.6,v Australia,Ahmedabad,2023-11-19,,,,1,1.0,0.0,60.0,,9.0
IND,Shubman Gill (IND),bat,7,4,,0.142857143,0.5714,v Australia,Ahmedabad,2023-11-19,,,,1,0.0,0.0,57.14,,21.0
IND,SS Iyer (IND),bat,3,4,,0.333333333,1.3333,v Australia,Ahmedabad,2023-11-19,,,,1,1.0,0.0,133.33,,3.0
AUS,SPD Smith (AUS),bat,9,4,,0.111111111,0.4444,v India,Ahmedabad,2023-11-19,,,,2,1.0,0.0,44.44,,11.0
AUS,GJ Maxwell (AUS),bat,1,2,,0.0,2.0,v India,Ahmedabad,2023-11-19,,,,2,0.0,0.0,200.0,1.0,1.0
IND,JJ Bumrah (IND),bat,3,1,,0.333333333,0.3333,v Australia,Ahmedabad,2023-11-19,,,,1,0.0,0.0,33.33,,5.0
AUS,MA Starc (AUS),bowl,60,55,3.0,0.05,0.916666667,v India,Ahmedabad,2023-11-19,10.0,0.0,5.5,1,,,,,
AUS,PJ Cummins (AUS),bowl,60,34,2.0,0.033333333,0.566666667,v India,Ahmedabad,2023-11-19,10.0,0.0,3.4,1,,,,,
IND,JJ Bumrah (IND),bowl,54,43,2.0,0.037037037,0.796296296,v Australia,Ahmedabad,2023-11-19,9.0,2.0,4.77,2,,,,,
AUS,JR Hazlewood (AUS),bowl,60,60,2.0,0.033333333,1.0,v India,Ahmedabad,2023-11-19,10.0,0.0,6.0,1,,,,,
AUS,GJ Maxwell (AUS),bowl,36,35,1.0,0.027777778,0.972222222,v India,Ahmedabad,2023-11-19,6.0,0.0,5.83,1,,,,,
AUS,A Zampa (AUS),bowl,60,44,1.0,0.016666667,0.733333333,v India,Ahmedabad,2023-11-19,10.0,0.0,4.4,1,,,,,
IND,Mohammed Siraj (IND),bowl,42,45,1.0,0.023809524,1.071428571,v Australia,Ahmedabad,2023-11-19,7.0,0.0,6.42,2,,,,,
IND,Mohammed Shami (IND),bowl,42,47,1.0,0.023809524,1.119047619,v Australia,Ahmedabad,2023-11-19,7.0,1.0,6.71,2,,,,,
AUS,TM Head (AUS),bowl,12,4,0.0,0.0,0.333333333,v India,Ahmedabad,2023-11-19,2.0,0.0,2.0,1,,,,,
AUS,MR Marsh (AUS),bowl,12,5,0.0,0.0,0.416666667,v India,Ahmedabad,2023-11-19,2.0,0.0,2.5,1,,,,,
IND,RA Jadeja (IND),bowl,60,43,0.0,0.0,0.716666667,v Australia,Ahmedabad,2023-11-19,10.0,0.0,4.3,2,,,,,
IND,Kuldeep Yadav (IND),bowl,60,56,0.0,0.0,0.933333333,v Australia,Ahmedabad,2023-11-19,10.0,0.0,5.6,2,,,,,
